idu;commune;adresse_ban;code_postal;ville;surface_m2;tier_v2;rang_v2;mult_v2;copro;veille_succession;statut_matrice;q_score;a_score;completeness;proprio;v_score;v_band;top_signaux
97423000AB1908;Les Trois-Bassins;27 Impasse des Pétrels;97426;Les Trois-Bassins;313;brulante;1;64.0;;;ecartee;44;64;92;;0;aucun;
97423000AB1910;Les Trois-Bassins;35 Impasse des Pétrels;97426;Les Trois-Bassins;250;brulante;4;64.0;;;ecartee;44;63;92;DU SUD;12;faible;Détention longue (aucune mutation DVF 2021-2025) — combinée à d'autres signaux | Siège Réunion, autre commune que la parcelle
97423000AB1911;Les Trois-Bassins;33 Impasse des Pétrels;97426;Les Trois-Bassins;184;brulante;6;34.5;;;ecartee;29;63;92;;0;aucun;
97423000AB1441;Les Trois-Bassins;;;;933;chaude;26;13.1;;;a_surveiller;65;62;92;;0;aucun;
97423000AB0321;Les Trois-Bassins;36 Chemin des Badamiers;97426;Les Trois-Bassins;3896;chaude;547;5.8;;;chaude;72;66;92;;0;aucun;
97423000AB1954;Les Trois-Bassins;4 b Allée des Palmiers;97426;Les Trois-Bassins;204;chaude;634;5.8;;;ecartee;27;64;92;;0;aucun;
97423000AB1750;Les Trois-Bassins;;;;123;a_creuser;860;5.8;;;ecartee;45;63;92;;0;aucun;
97423000AB1915;Les Trois-Bassins;43 Impasse des Pétrels;97426;Les Trois-Bassins;303;chaude;1003;5.0;;;ecartee;44;63;92;PRYASEL;4;faible;Siège Réunion, autre commune que la parcelle
97423000AB1805;Les Trois-Bassins;;;;157;a_creuser;1055;5.0;;;ecartee;38;60;92;;0;aucun;
97423000AB1912;Les Trois-Bassins;31 Impasse des Pétrels;97426;Les Trois-Bassins;224;brulante;1172;5.0;;;ecartee;29;63;92;;0;aucun;
97423000AE0927;Les Trois-Bassins;7 Rue Cocâtre;97426;Les Trois-Bassins;1300;chaude;1206;5.0;;;ecartee;1;61;92;;0;aucun;
97423000AB1905;Les Trois-Bassins;19 Impasse des Pétrels;97426;Les Trois-Bassins;281;brulante;1250;5.0;;;ecartee;34;63;92;;0;aucun;
97423000AK1348;Les Trois-Bassins;;;;819;chaude;1256;5.0;;;ecartee;8;59;92;;0;aucun;
97423000AK1793;Les Trois-Bassins;;;;405;a_creuser;1278;5.0;;;ecartee;29;73;92;SOCIETE DE DEVELOPPEMENT ET DE GESTION D'IMMOBILIER SOCIAL;;na;
97423000AB1846;Les Trois-Bassins;11 Chemin de la Poudrière;97426;Les Trois-Bassins;3412;chaude;1327;5.0;;;a_surveiller;77;62;92;LIBER;15;faible;Siège hors Réunion (métropole/étranger)
97423000AB0057;Les Trois-Bassins;11 Chemin de la Poudrière;97426;Les Trois-Bassins;4936;chaude;1367;5.0;;;a_surveiller;82;62;92;LIBER;15;faible;Siège hors Réunion (métropole/étranger)
97423000AI0524;Les Trois-Bassins;55 Chemin Mnémonide;97426;Les Trois-Bassins;512;chaude;1410;5.0;;;ecartee;36;62;92;;0;aucun;
97423000AB1914;Les Trois-Bassins;41 apprt 1 Impasse des Pétrels;97426;Les Trois-Bassins;284;chaude;1439;5.0;;;ecartee;44;63;92;VILLAS LES BASSINS;4;faible;Siège Réunion, autre commune que la parcelle
97423000AK1867;Les Trois-Bassins;7 Chemin Col de Cygne;97426;Les Trois-Bassins;495;a_creuser;1502;5.0;;;ecartee;18;60;92;;0;aucun;
97423000AB1904;Les Trois-Bassins;21 Impasse des Pétrels;97426;Les Trois-Bassins;243;brulante;1510;5.0;;;ecartee;34;67;92;SYNERGIE PROMOTION;4;faible;Siège Réunion, autre commune que la parcelle
97423000AB1331;Les Trois-Bassins;;;;834;chaude;1537;5.0;;;ecartee;34;64;92;;0;aucun;
97423000AB1907;Les Trois-Bassins;;;;243;brulante;1647;5.0;;;ecartee;44;66;92;BASSIN BLEU;4;faible;Siège Réunion, autre commune que la parcelle
97423000AK1879;Les Trois-Bassins;19 Chemin Col de Cygne;97426;Les Trois-Bassins;421;chaude;1745;4.5;;;ecartee;17;62;92;;0;aucun;
97423000AK1809;Les Trois-Bassins;;;;910;chaude;1761;4.5;;;ecartee;1;70;92;SOCIETE DE DEVELOPPEMENT ET DE GESTION D'IMMOBILIER SOCIAL;;na;
97423000AB1815;Les Trois-Bassins;13 Chemin Adélaïde;97426;Les Trois-Bassins;418;chaude;1945;4.5;;;ecartee;42;66;92;SCI A P I;4;faible;Siège Réunion, autre commune que la parcelle
97423000AK1857;Les Trois-Bassins;18 Chemin Col de Cygne;97426;Les Trois-Bassins;256;chaude;2057;4.3;;;ecartee;1;71;92;SOCIETE IMMOBILIERE DEPARTEMENT REUNION;;na;
97423000AK1580;Les Trois-Bassins;2 Rue des Iris;97426;Les Trois-Bassins;500;chaude;2081;4.3;;oui;ecartee;1;74;92;LS 65;4;faible;Siège Réunion, autre commune que la parcelle
97423000AB1756;Les Trois-Bassins;;;;197;chaude;2268;3.4;;;ecartee;25;63;92;;0;aucun;
97423000AB1808;Les Trois-Bassins;;;;434;chaude;2292;3.4;;oui;ecartee;25;69;92;ADELAIDE;12;faible;Détention longue (aucune mutation DVF 2021-2025) — combinée à d'autres signaux | Siège Réunion, autre commune que la parcelle
97423000AB1821;Les Trois-Bassins;;;;129;a_creuser;2356;3.4;;oui;ecartee;35;70;92;ADELAIDE;12;faible;Détention longue (aucune mutation DVF 2021-2025) — combinée à d'autres signaux | Siège Réunion, autre commune que la parcelle
97423000AB1777;Les Trois-Bassins;;;;327;chaude;2430;3.4;;;ecartee;41;60;92;;0;aucun;
97423000AB0347;Les Trois-Bassins;9 Impasse des Pailles En Queue;97426;Les Trois-Bassins;1436;a_creuser;2490;3.4;;;a_creuser;56;64;92;;0;aucun;
97423000AB1759;Les Trois-Bassins;;;;228;a_creuser;2504;3.4;;;ecartee;27;60;92;;0;aucun;
97423000AK2057;Les Trois-Bassins;;;;807;a_creuser;2524;3.4;;;ecartee;31;62;92;;0;aucun;
97423000AB1773;Les Trois-Bassins;;;;340;a_creuser;2590;3.4;;;ecartee;35;60;92;;0;aucun;
97423000AB1906;Les Trois-Bassins;25 Impasse des Pétrels;97426;Les Trois-Bassins;358;a_creuser;2613;3.4;;;ecartee;44;62;92;;0;aucun;
97423000AB1227;Les Trois-Bassins;;;;243;a_creuser;2736;3.4;;;ecartee;20;63;92;;0;aucun;
97423000AB1675;Les Trois-Bassins;;;;436;a_creuser;2743;3.4;;;ecartee;40;63;92;;0;aucun;
97423000AH1823;Les Trois-Bassins;45 a Chemin des Longanis;97426;Les Trois-Bassins;731;a_creuser;2754;3.4;;;ecartee;27;59;92;;0;aucun;
97423000AB1757;Les Trois-Bassins;;;;465;a_creuser;2789;3.4;;;ecartee;43;63;92;;0;aucun;
97423000AB1679;Les Trois-Bassins;;;;207;a_creuser;2830;3.4;;;ecartee;28;63;92;;0;aucun;
97423000AB1769;Les Trois-Bassins;;;;404;a_creuser;2900;3.4;;;ecartee;29;60;92;;0;aucun;
97423000AB1749;Les Trois-Bassins;;;;283;a_creuser;2925;3.4;;;ecartee;45;63;92;;0;aucun;
97423000AB1676;Les Trois-Bassins;;;;408;a_creuser;2958;3.4;;;ecartee;42;63;92;;0;aucun;
97423000AB1810;Les Trois-Bassins;1 Chemin Adélaïde;97426;Les Trois-Bassins;376;a_creuser;3104;3.4;;oui;ecartee;37;68;92;ADELAIDE;12;faible;Détention longue (aucune mutation DVF 2021-2025) — combinée à d'autres signaux | Siège Réunion, autre commune que la parcelle
97423000AK1868;Les Trois-Bassins;9 Chemin Col de Cygne;97426;Les Trois-Bassins;480;a_creuser;3119;3.4;;;ecartee;33;60;92;;0;aucun;
97423000AB1775;Les Trois-Bassins;;;;424;a_creuser;3145;3.4;;;ecartee;37;60;92;;0;aucun;
97423000AE1018;Les Trois-Bassins;;;;269;a_creuser;3146;3.4;;;ecartee;30;60;92;;0;aucun;
97423000AB1940;Les Trois-Bassins;5 Impasse des Ravenales;97426;Les Trois-Bassins;441;a_creuser;3376;3.4;;;ecartee;35;66;92;;0;aucun;
97423000AB1814;Les Trois-Bassins;1 Chemin Adélaïde;97426;Les Trois-Bassins;281;a_creuser;3555;3.4;;oui;ecartee;26;67;92;ADELAIDE;12;faible;Détention longue (aucune mutation DVF 2021-2025) — combinée à d'autres signaux | Siège Réunion, autre commune que la parcelle
97423000AB1823;Les Trois-Bassins;;;;950;a_creuser;3687;3.4;;oui;ecartee;41;68;92;ADELAIDE;12;faible;Détention longue (aucune mutation DVF 2021-2025) — combinée à d'autres signaux | Siège Réunion, autre commune que la parcelle
97423000AK1802;Les Trois-Bassins;;;;408;a_creuser;3695;3.4;;;ecartee;32;70;92;SOCIETE DE DEVELOPPEMENT ET DE GESTION D'IMMOBILIER SOCIAL;;na;
97423000AK1876;Les Trois-Bassins;2 Impasse Bardeautier;97426;Les Trois-Bassins;442;a_creuser;3697;3.4;;;ecartee;24;61;92;;0;aucun;
97423000AB1774;Les Trois-Bassins;40 Chemin des Boudous;97426;Les Trois-Bassins;448;a_creuser;3711;3.4;;;a_creuser;50;60;92;;0;aucun;
97423000AB1550;Les Trois-Bassins;;;;168;a_creuser;3775;3.4;;;ecartee;40;64;92;;0;aucun;
97423000AB0455;Les Trois-Bassins;15 Route Nationale 1a;97426;Les Trois-Bassins;672;a_creuser;3807;3.4;;;ecartee;1;63;92;;0;aucun;
97423000AI0844;Les Trois-Bassins;28 Chemin de la Zone Artisanale;97426;Les Trois-Bassins;868;a_creuser;3866;3.4;;;ecartee;40;61;92;;0;aucun;
97423000AB1941;Les Trois-Bassins;;;;229;a_creuser;3894;3.4;;;ecartee;20;66;92;;0;aucun;
97423000AB1783;Les Trois-Bassins;;;;113;a_creuser;3926;3.3;;;ecartee;41;71;92;RECLOEVE;0;aucun;
97423000AK1278;Les Trois-Bassins;;;;785;a_creuser;3999;3.3;;;ecartee;26;55;92;;0;aucun;
97423000AB0849;Les Trois-Bassins;;;;453;a_creuser;4043;3.2;;;ecartee;40;61;92;;0;aucun;
97423000AK1828;Les Trois-Bassins;;;;308;a_creuser;4057;3.2;;;ecartee;8;61;92;;0;aucun;
97423000AB1551;Les Trois-Bassins;;;;189;a_creuser;4175;3.2;;;ecartee;40;64;92;;0;aucun;
97423000AB1779;Les Trois-Bassins;39 Chemin des Boudous;97426;Les Trois-Bassins;129;a_creuser;4349;3.2;;;ecartee;44;63;92;;0;aucun;
97423000AB1375;Les Trois-Bassins;40 Chemin Bellevue;97426;Les Trois-Bassins;218;a_creuser;4355;3.2;;;ecartee;17;63;92;;0;aucun;
97423000AB1761;Les Trois-Bassins;;;;576;a_creuser;4517;2.6;;;ecartee;40;60;92;;0;aucun;
97423000AB1698;Les Trois-Bassins;;;;767;a_creuser;4633;2.6;;;ecartee;48;64;92;;0;aucun;
97423000AB1346;Les Trois-Bassins;;;;235;a_creuser;4649;2.6;;;a_creuser;54;67;92;SCCV URANTIA;12;faible;Détention longue (aucune mutation DVF 2021-2025) — combinée à d'autres signaux | Siège Réunion, autre commune que la parcelle | Cessation déclarée / mise en sommeil
97423000AB1677;Les Trois-Bassins;;;;839;a_creuser;4747;2.6;;;a_creuser;60;63;92;;0;aucun;
97423000AB1780;Les Trois-Bassins;;;;114;a_creuser;4842;2.6;;;ecartee;41;60;92;;0;aucun;
97423000AB0203;Les Trois-Bassins;4 Allée des Filaos;97426;Les Trois-Bassins;848;a_creuser;5001;2.6;;;ecartee;1;64;92;LIBERTALIA 11;4;faible;Siège Réunion, autre commune que la parcelle
97423000AB1888;Les Trois-Bassins;;;;809;a_creuser;5002;2.6;;;ecartee;19;66;92;;0;aucun;
97423000AB1376;Les Trois-Bassins;;;;211;a_creuser;5047;2.6;;;ecartee;17;67;92;SCCV URANTIA;12;faible;Détention longue (aucune mutation DVF 2021-2025) — combinée à d'autres signaux | Siège Réunion, autre commune que la parcelle | Cessation déclarée / mise en sommeil
97423000AB1552;Les Trois-Bassins;;;;155;a_creuser;5345;2.6;;;ecartee;40;62;92;;0;aucun;
97423000AB1674;Les Trois-Bassins;;;;840;a_creuser;5381;2.6;;;a_creuser;53;63;92;;0;aucun;
97423000AK2074;Les Trois-Bassins;33 Chemin Marocain;97426;Les Trois-Bassins;388;a_creuser;5394;2.6;;;ecartee;9;58;92;;0;aucun;
97423000AB1816;Les Trois-Bassins;9 Chemin Adélaïde;97426;Les Trois-Bassins;659;a_creuser;5481;2.6;;oui;a_creuser;58;67;92;ADELAIDE;12;faible;Détention longue (aucune mutation DVF 2021-2025) — combinée à d'autres signaux | Siège Réunion, autre commune que la parcelle
97423000AH1767;Les Trois-Bassins;;;;275;a_creuser;5512;2.6;;;ecartee;12;62;92;SCI 2R;15;faible;Siège hors Réunion (métropole/étranger)
97423000AB1822;Les Trois-Bassins;;;;154;a_creuser;5692;2.6;;oui;ecartee;35;69;92;ADELAIDE;12;faible;Détention longue (aucune mutation DVF 2021-2025) — combinée à d'autres signaux | Siège Réunion, autre commune que la parcelle
97423000AB1445;Les Trois-Bassins;2 Rue des Lataniers;97426;Les Trois-Bassins;468;a_creuser;5772;2.6;;;ecartee;17;62;92;;0;aucun;
97423000AB1813;Les Trois-Bassins;11 Chemin Adélaïde;97426;Les Trois-Bassins;669;a_creuser;5823;2.6;;oui;a_creuser;58;70;92;ADELAIDE;12;faible;Détention longue (aucune mutation DVF 2021-2025) — combinée à d'autres signaux | Siège Réunion, autre commune que la parcelle
97423000AB1682;Les Trois-Bassins;;;;823;a_creuser;5987;2.6;;;a_creuser;60;59;92;;0;aucun;
97423000AE1089;Les Trois-Bassins;;;;131;a_creuser;5993;2.6;;;ecartee;24;56;92;;0;aucun;
97423000AB1680;Les Trois-Bassins;;;;633;a_creuser;6034;2.6;;;a_creuser;59;63;92;;0;aucun;
97423000AK1886;Les Trois-Bassins;8 Chemin Fond Gaspard;97426;Les Trois-Bassins;462;a_creuser;6044;2.6;;;ecartee;43;68;92;SOCIETE IMMOBILIERE DEPARTEMENT REUNION;;na;
97423000AB1776;Les Trois-Bassins;;;;458;a_creuser;6080;2.6;;;a_creuser;58;60;92;;0;aucun;
97423000AB1681;Les Trois-Bassins;;;;839;a_creuser;6087;2.6;;;a_creuser;60;60;92;;0;aucun;
97423000AK1586;Les Trois-Bassins;;;;162;a_creuser;6151;2.6;;;ecartee;10;70;92;SOCIETE IMMOBILIERE DEPARTEMENT REUNION;;na;
97423000AB1673;Les Trois-Bassins;;;;821;a_creuser;6210;2.6;;;ecartee;49;64;92;;0;aucun;
97423000AB1360;Les Trois-Bassins;;;;246;a_creuser;6215;2.6;;;ecartee;2;64;92;;0;aucun;
97423000AK1869;Les Trois-Bassins;11 Chemin Col de Cygne;97426;Les Trois-Bassins;466;a_creuser;6344;2.6;;;ecartee;18;62;92;;0;aucun;
97423000AK1801;Les Trois-Bassins;;;;328;a_creuser;6347;2.6;;;ecartee;32;70;92;SOCIETE DE DEVELOPPEMENT ET DE GESTION D'IMMOBILIER SOCIAL;;na;
97423000AK1609;Les Trois-Bassins;74 Rue Henri Auber;97426;Les Trois-Bassins;579;a_creuser;6424;2.6;;oui;ecartee;23;74;92;LS 65;4;faible;Siège Réunion, autre commune que la parcelle
97423000AB1817;Les Trois-Bassins;7 Chemin Adélaïde;97426;Les Trois-Bassins;537;a_creuser;6460;2.6;;oui;a_creuser;58;68;92;ADELAIDE;12;faible;Détention longue (aucune mutation DVF 2021-2025) — combinée à d'autres signaux | Siège Réunion, autre commune que la parcelle
97423000AB1812;Les Trois-Bassins;;;;382;a_creuser;6495;2.6;;oui;ecartee;25;68;92;ADELAIDE;12;faible;Détention longue (aucune mutation DVF 2021-2025) — combinée à d'autres signaux | Siège Réunion, autre commune que la parcelle
97423000AB1747;Les Trois-Bassins;;;;585;a_creuser;6514;2.6;;;ecartee;47;63;92;;0;aucun;
97423000AB0916;Les Trois-Bassins;20 CD 9 de la Montée Panon;97426;Les Trois-Bassins;710;a_creuser;6660;2.6;;;ecartee;48;64;92;;0;aucun;
97423000AB1803;Les Trois-Bassins;;;;187;a_creuser;6756;2.6;;oui;ecartee;38;68;92;ADELAIDE;12;faible;Détention longue (aucune mutation DVF 2021-2025) — combinée à d'autres signaux | Siège Réunion, autre commune que la parcelle
97423000AB1678;Les Trois-Bassins;;;;840;a_creuser;6788;2.6;;;a_creuser;60;63;92;;0;aucun;
97423000AB1758;Les Trois-Bassins;;;;793;a_creuser;6912;2.6;;;a_creuser;59;60;92;;0;aucun;
97423000AK1860;Les Trois-Bassins;1 Impasse Bardeautier;97426;Les Trois-Bassins;244;a_creuser;7016;2.6;;;ecartee;17;71;92;SOCIETE IMMOBILIERE DEPARTEMENT REUNION;;na;
97423000AK1200;Les Trois-Bassins;;;;140;a_creuser;7266;2.6;;;ecartee;4;62;92;;0;aucun;
97423000AB1806;Les Trois-Bassins;;;;128;a_creuser;7300;2.6;;oui;ecartee;10;68;92;ADELAIDE;12;faible;Détention longue (aucune mutation DVF 2021-2025) — combinée à d'autres signaux | Siège Réunion, autre commune que la parcelle
97423000AE1044;Les Trois-Bassins;17 Allée des Bananiers;97426;Les Trois-Bassins;317;a_creuser;7646;2.4;;;ecartee;4;56;92;;0;aucun;
97423000AK1928;Les Trois-Bassins;;;;268;a_creuser;7853;2.1;;;ecartee;13;61;92;;0;aucun;
97423000AK1763;Les Trois-Bassins;16 Allée des Sauges;97426;Les Trois-Bassins;341;a_creuser;8173;2.1;;;ecartee;22;58;92;;0;aucun;
97423000AK1870;Les Trois-Bassins;13 Chemin Col de Cygne;97426;Les Trois-Bassins;464;a_creuser;8234;2.1;;;ecartee;32;60;92;;0;aucun;
97423000AB1291;Les Trois-Bassins;;;;283;a_creuser;8276;2.1;;;ecartee;32;63;92;;0;aucun;
97423000AB1379;Les Trois-Bassins;36 Chemin Bellevue;97426;Les Trois-Bassins;353;a_creuser;8287;2.1;;;ecartee;32;66;92;;0;aucun;
97423000AH1638;Les Trois-Bassins;;;;396;a_creuser;8462;2.1;;;ecartee;22;71;92;LAMBERT ST JO;4;faible;Siège Réunion, autre commune que la parcelle
97423000AK2088;Les Trois-Bassins;;;;426;a_creuser;8828;2.1;;;ecartee;8;58;92;;0;aucun;
97423000AD0658;Les Trois-Bassins;94 a Chemin Desbassyns;97426;Les Trois-Bassins;419;a_creuser;9089;2.1;;;ecartee;5;66;92;SOCIETE ANONYME D'HABITATIONS A LOYER MODERE DE LA REUNION;;na;
97423000AK2089;Les Trois-Bassins;;;;447;a_creuser;9229;2.1;;;ecartee;8;58;92;;0;aucun;
97423000AK2087;Les Trois-Bassins;;;;130;a_creuser;9379;2.1;;;ecartee;3;58;92;;0;aucun;
97423000AK2040;Les Trois-Bassins;;;;501;a_creuser;9439;2.1;;;ecartee;36;61;92;;0;aucun;
97423000AK1627;Les Trois-Bassins;6 Allée des Aubépines;97426;Les Trois-Bassins;568;a_creuser;9679;2.1;;;ecartee;39;61;92;;0;aucun;
97423000AK1796;Les Trois-Bassins;14 a Allée des Pimpins;97426;Les Trois-Bassins;566;a_creuser;9819;2.1;;;ecartee;30;61;92;;0;aucun;
97423000AK1864;Les Trois-Bassins;9 Impasse Bardeautier;97426;Les Trois-Bassins;230;a_creuser;10007;2.1;;;ecartee;2;71;92;SOCIETE IMMOBILIERE DEPARTEMENT REUNION;;na;
97423000AK1563;Les Trois-Bassins;;;;126;a_creuser;10465;2.1;;;ecartee;13;74;92;SOCIETE IMMOBILIERE DEPARTEMENT REUNION;;na;
97423000AK1884;Les Trois-Bassins;31 Chemin Col de Cygne;97426;Les Trois-Bassins;420;a_creuser;10589;2.1;;;ecartee;17;62;92;;0;aucun;
97423000AK1606;Les Trois-Bassins;;;;542;a_creuser;10949;2.1;;oui;ecartee;16;73;92;LS 65;12;faible;Détention longue (aucune mutation DVF 2021-2025) — combinée à d'autres signaux | Siège Réunion, autre commune que la parcelle
97423000AK1858;Les Trois-Bassins;20 Chemin Col de Cygne;97426;Les Trois-Bassins;240;a_creuser;11045;2.1;;;ecartee;1;71;92;SOCIETE IMMOBILIERE DEPARTEMENT REUNION;;na;
97423000AK1861;Les Trois-Bassins;3 Impasse Bardeautier;97426;Les Trois-Bassins;233;a_creuser;11112;2.1;;;ecartee;2;71;92;SOCIETE IMMOBILIERE DEPARTEMENT REUNION;;na;
97423000AK1338;Les Trois-Bassins;;;;167;a_creuser;11314;2.1;;;ecartee;3;59;92;;0;aucun;
97423000AK1807;Les Trois-Bassins;10 Impasse des Dahlias;97426;Les Trois-Bassins;1356;a_creuser;11556;2.1;;;ecartee;28;70;92;SOCIETE DE DEVELOPPEMENT ET DE GESTION D'IMMOBILIER SOCIAL;;na;
97423000AD0404;Les Trois-Bassins;30 Chemin Charlemagne;97426;Les Trois-Bassins;704;a_creuser;11559;2.1;;;ecartee;20;64;92;;0;aucun;
97423000AB0051;Les Trois-Bassins;;;;532;a_creuser;11843;2.1;;;ecartee;18;64;92;;0;aucun;
97423000AH1569;Les Trois-Bassins;8 Allée des Coquelicots;97426;Les Trois-Bassins;472;a_creuser;11877;2.1;;;ecartee;34;62;92;;0;aucun;
97423000AK1576;Les Trois-Bassins;3 Impasse des Trèfles;97426;Les Trois-Bassins;139;a_creuser;12312;2.1;;;ecartee;17;73;92;SOCIETE IMMOBILIERE DEPARTEMENT REUNION;;na;
97423000AK1839;Les Trois-Bassins;;;;285;a_creuser;12344;2.1;;;ecartee;8;75;92;SOCIETE IMMOBILIERE DEPARTEMENT REUNION;;na;
97423000AB1827;Les Trois-Bassins;17 Chemin Adélaïde;97426;Les Trois-Bassins;408;a_creuser;12407;2.1;;oui;ecartee;42;67;92;ADELAIDE;12;faible;Détention longue (aucune mutation DVF 2021-2025) — combinée à d'autres signaux | Siège Réunion, autre commune que la parcelle
97423000AH1640;Les Trois-Bassins;;;;248;a_creuser;12440;2.1;;;ecartee;1;62;92;;0;aucun;
97423000AB1332;Les Trois-Bassins;;;;132;a_creuser;12464;2.1;;;ecartee;7;68;92;SCCV URANTIA;12;faible;Détention longue (aucune mutation DVF 2021-2025) — combinée à d'autres signaux | Siège Réunion, autre commune que la parcelle | Cessation déclarée / mise en sommeil
97423000AB1359;Les Trois-Bassins;;;;553;a_creuser;12500;2.1;;;ecartee;28;68;92;SCCV URANTIA;12;faible;Détention longue (aucune mutation DVF 2021-2025) — combinée à d'autres signaux | Siège Réunion, autre commune que la parcelle | Cessation déclarée / mise en sommeil
97423000AK0987;Les Trois-Bassins;;;;469;a_creuser;12778;2.1;;;ecartee;13;60;92;;0;aucun;
97423000AK1888;Les Trois-Bassins;7 Chemin Fond Gaspard;97426;Les Trois-Bassins;419;a_creuser;12785;2.1;;;ecartee;16;59;92;;0;aucun;
97423000AK1721;Les Trois-Bassins;;;;205;a_creuser;12812;2.1;;;ecartee;4;63;92;;0;aucun;
97423000AK1885;Les Trois-Bassins;6 Chemin Fond Gaspard;97426;Les Trois-Bassins;461;a_creuser;12899;2.1;;;ecartee;43;68;92;SOCIETE IMMOBILIERE DEPARTEMENT REUNION;;na;
97423000AE0920;Les Trois-Bassins;16 Rue Cocâtre;97426;Les Trois-Bassins;451;a_creuser;12917;2.1;;;ecartee;1;65;92;G4;4;faible;Siège Réunion, autre commune que la parcelle
97423000AK1865;Les Trois-Bassins;11 Impasse Bardeautier;97426;Les Trois-Bassins;267;a_creuser;13291;2.1;;;ecartee;17;71;92;SOCIETE IMMOBILIERE DEPARTEMENT REUNION;;na;
97423000AK1891;Les Trois-Bassins;1 Chemin Fond Gaspard;97426;Les Trois-Bassins;408;a_creuser;13322;2.1;;;ecartee;17;68;92;SOCIETE IMMOBILIERE DEPARTEMENT REUNION;;na;
97423000AK1294;Les Trois-Bassins;36 Chemin Hibon;97426;Les Trois-Bassins;317;a_creuser;13526;2.1;;;ecartee;21;61;92;;0;aucun;
97423000AB1231;Les Trois-Bassins;39 Chemin Adélaïde;97426;Les Trois-Bassins;1659;a_creuser;13731;2.1;;;a_creuser;60;60;92;;0;aucun;
97423000AK0658;Les Trois-Bassins;18 Rue des Bringéliers;97426;Les Trois-Bassins;461;a_creuser;13886;2.1;;;ecartee;24;61;92;;0;aucun;
97423000AK1890;Les Trois-Bassins;3 Chemin Fond Gaspard;97426;Les Trois-Bassins;415;a_creuser;14026;2.1;;;ecartee;16;68;92;SOCIETE IMMOBILIERE DEPARTEMENT REUNION;;na;
97423000AK1862;Les Trois-Bassins;5 Impasse Bardeautier;97426;Les Trois-Bassins;247;a_creuser;14585;2.1;;;ecartee;17;71;92;SOCIETE IMMOBILIERE DEPARTEMENT REUNION;;na;
97423000AI0697;Les Trois-Bassins;59 Chemin Mnémonide;97426;Les Trois-Bassins;659;a_creuser;15083;2.1;;;ecartee;37;61;92;;0;aucun;
97423000AB1889;Les Trois-Bassins;1 Chemin des Flamboyants;97426;Les Trois-Bassins;3194;a_creuser;15442;2.1;;;a_creuser;58;64;92;;0;aucun;
97423000AB1230;Les Trois-Bassins;39 Chemin Adélaïde;97426;Les Trois-Bassins;1621;a_creuser;15505;2.1;;;a_surveiller;72;61;92;;0;aucun;
97423000AB1352;Les Trois-Bassins;;;;598;a_creuser;15565;2.1;;;ecartee;46;64;92;;0;aucun;
97423000AB1602;Les Trois-Bassins;;;;1005;a_creuser;15587;2.1;;;a_creuser;58;62;92;;0;aucun;
97423000AK1611;Les Trois-Bassins;;;;1087;a_creuser;15776;2.1;;;ecartee;35;71;92;SOCIETE IMMOBILIERE DEPARTEMENT REUNION;;na;
97423000AB1377;Les Trois-Bassins;38 Chemin Bellevue;97426;Les Trois-Bassins;185;a_creuser;15954;2.1;;;ecartee;17;66;92;;0;aucun;
97423000AK1916;Les Trois-Bassins;2 Chemin Hibon;97426;Les Trois-Bassins;472;a_creuser;15980;2.1;;;ecartee;6;61;92;;0;aucun;
97423000AH1788;Les Trois-Bassins;45 b Chemin des Longanis;97426;Les Trois-Bassins;976;a_creuser;16206;2.1;;;ecartee;28;59;92;;0;aucun;
97423000AK1800;Les Trois-Bassins;;;;246;a_creuser;16292;2.1;;;ecartee;32;69;92;SOCIETE DE DEVELOPPEMENT ET DE GESTION D'IMMOBILIER SOCIAL;;na;
97423000AK1840;Les Trois-Bassins;;;;240;a_creuser;16374;2.1;;;ecartee;1;75;92;SOCIETE IMMOBILIERE DEPARTEMENT REUNION;;na;
97423000AD0624;Les Trois-Bassins;1 Allée des Béliers;97426;Les Trois-Bassins;750;a_creuser;16607;2.1;;;ecartee;13;62;92;;0;aucun;
97423000AK1863;Les Trois-Bassins;7 Impasse Bardeautier;97426;Les Trois-Bassins;229;a_creuser;16624;2.1;;;ecartee;2;71;92;SOCIETE IMMOBILIERE DEPARTEMENT REUNION;;na;
97423000AB1232;Les Trois-Bassins;;;;535;a_creuser;16637;2.1;;;ecartee;28;61;92;;0;aucun;
97423000AB1444;Les Trois-Bassins;4 Rue des Lataniers;97426;Les Trois-Bassins;514;a_creuser;16669;2.1;;;ecartee;32;64;92;;0;aucun;
97423000AK1711;Les Trois-Bassins;;;;499;a_creuser;16783;2.1;;;ecartee;34;63;92;;0;aucun;
97423000AB0684;Les Trois-Bassins;158 Route Nationale 1a;97426;Les Trois-Bassins;472;a_creuser;16796;2.1;;;ecartee;37;66;92;;0;aucun;
97423000AB1844;Les Trois-Bassins;;;;190;a_creuser;16828;2.1;;;ecartee;25;64;92;;0;aucun;
97423000AK1908;Les Trois-Bassins;39 Chemin Hibon;97426;Les Trois-Bassins;330;a_creuser;17373;2.1;;;ecartee;1;61;92;;0;aucun;
97423000AK1831;Les Trois-Bassins;;;;456;a_creuser;17663;2.1;;;ecartee;14;58;92;;0;aucun;
97423000AH1780;Les Trois-Bassins;;;;346;a_creuser;17692;2.1;;;ecartee;13;63;92;;0;aucun;
97423000AK1199;Les Trois-Bassins;;;;142;a_creuser;17830;2.1;;;ecartee;4;62;92;;0;aucun;
97423000AK0988;Les Trois-Bassins;;;;398;a_creuser;17860;2.1;;;ecartee;18;60;92;;0;aucun;
97423000AK1276;Les Trois-Bassins;;;;527;a_creuser;17935;2.1;;;ecartee;43;55;92;;0;aucun;
97423000AE1040;Les Trois-Bassins;14 Allée des Bananiers;97426;Les Trois-Bassins;310;a_creuser;17987;2.1;;;ecartee;5;56;92;;0;aucun;
97423000AK1604;Les Trois-Bassins;;;;185;a_creuser;18440;2.1;;;ecartee;1;73;92;SOCIETE IMMOBILIERE DEPARTEMENT REUNION;;na;
97423000AH1151;Les Trois-Bassins;7 Allée des Ramiers;97426;Les Trois-Bassins;445;a_creuser;18565;2.1;;;ecartee;21;60;92;;0;aucun;
97423000AK1859;Les Trois-Bassins;22 Chemin Col de Cygne;97426;Les Trois-Bassins;240;a_creuser;18636;2.1;;;ecartee;14;71;92;SOCIETE IMMOBILIERE DEPARTEMENT REUNION;;na;
97423000AB1603;Les Trois-Bassins;;;;1374;a_creuser;18644;2.1;;;a_surveiller;71;62;92;;0;aucun;
97423000AE0922;Les Trois-Bassins;9 Rue Cocâtre;97426;Les Trois-Bassins;435;a_creuser;18985;2.1;;;ecartee;1;61;92;;0;aucun;
97423000AK1968;Les Trois-Bassins;;;;520;a_creuser;19040;1.9;;;ecartee;38;63;92;;0;aucun;
97423000AE0854;Les Trois-Bassins;;;;518;a_creuser;19253;1.9;;;ecartee;45;55;92;;0;aucun;
97423000AH1604;Les Trois-Bassins;;;;491;a_creuser;19280;1.9;;;ecartee;28;61;92;;0;aucun;
97423000AH0293;Les Trois-Bassins;7 Chemin des Barrières;97426;Les Trois-Bassins;757;a_creuser;19826;1.9;;;ecartee;29;60;92;;0;aucun;
97423000AB0209;Les Trois-Bassins;5 Allée des Cocotiers;97426;Les Trois-Bassins;675;a_creuser;19940;1.9;;oui;ecartee;38;75;92;PRAHUDAU;12;faible;Détention longue (aucune mutation DVF 2021-2025) — combinée à d'autres signaux | Siège Réunion, autre commune que la parcelle | Cessation déclarée / mise en sommeil
97423000AK1841;Les Trois-Bassins;;;;231;a_creuser;20301;1.9;;;ecartee;3;75;92;SOCIETE IMMOBILIERE DEPARTEMENT REUNION;;na;
97423000AK1562;Les Trois-Bassins;2 Impasse des Fougères;97426;Les Trois-Bassins;375;a_creuser;20497;1.9;;;ecartee;13;74;92;SOCIETE IMMOBILIERE DEPARTEMENT REUNION;;na;
97423000AE0891;Les Trois-Bassins;;;;514;a_creuser;20551;1.9;;;ecartee;14;56;92;;0;aucun;
97423000AH1778;Les Trois-Bassins;6 Impasse des Capillaires;97426;Les Trois-Bassins;270;a_creuser;20594;1.9;;;ecartee;25;63;92;;0;aucun;
97423000AB1347;Les Trois-Bassins;23 Chemin Bellevue;97426;Les Trois-Bassins;1852;a_creuser;20627;1.9;;;chaude;68;70;92;SCCV URANTIA;12;faible;Détention longue (aucune mutation DVF 2021-2025) — combinée à d'autres signaux | Siège Réunion, autre commune que la parcelle | Cessation déclarée / mise en sommeil
97423000AH1736;Les Trois-Bassins;35 Rue du Stade;97426;Les Trois-Bassins;352;a_creuser;20682;1.9;;;ecartee;1;61;92;;0;aucun;
97423000AE0995;Les Trois-Bassins;;;;125;a_creuser;20725;1.9;;;ecartee;43;55;92;;0;aucun;
97423000AK1726;Les Trois-Bassins;;;;222;a_creuser;20843;1.8;;;ecartee;4;63;92;;0;aucun;
97423000AD0647;Les Trois-Bassins;99 Chemin Desbassyns;97426;Les Trois-Bassins;423;a_creuser;20931;1.8;;;ecartee;20;63;92;SUD HABITAT CONSEIL;;na;
97423000AI0538;Les Trois-Bassins;;;;742;a_creuser;20974;1.8;;;ecartee;1;56;92;;0;aucun;
97423000AK1349;Les Trois-Bassins;;;;292;a_creuser;21136;1.8;;;ecartee;21;59;92;;0;aucun;
97423000AB0915;Les Trois-Bassins;3 Impasse des Pailles En Queue;97426;Les Trois-Bassins;676;a_creuser;21186;1.8;;;ecartee;43;64;92;;0;aucun;
97423000AB1442;Les Trois-Bassins;66 Impasse du Chemin de Fer;97426;Les Trois-Bassins;599;a_creuser;21300;1.8;;;ecartee;46;62;92;;0;aucun;
97423000AI0504;Les Trois-Bassins;80 Chemin des Limites;97426;Les Trois-Bassins;835;a_creuser;21662;1.8;;;ecartee;45;71;92;SOCIETE IMMOBILIERE DEPARTEMENT REUNION;;na;
97423000AD0747;Les Trois-Bassins;;;;493;a_creuser;21738;1.8;;;ecartee;33;59;92;;0;aucun;
97423000AB0760;Les Trois-Bassins;;;;197;a_creuser;22002;1.8;;;ecartee;17;56;92;;0;aucun;
97423000AD0605;Les Trois-Bassins;4 Rue des Becs Roses;97426;Les Trois-Bassins;366;a_creuser;22145;1.8;;;ecartee;17;67;92;SUD HABITAT CONSEIL;;na;
97423000AH1633;Les Trois-Bassins;67 Rue Georges Brassens;97426;Les Trois-Bassins;285;a_creuser;22306;1.8;;;ecartee;24;62;92;;0;aucun;
97423000AK0517;Les Trois-Bassins;;;;423;a_creuser;22433;1.8;;;ecartee;29;61;92;;0;aucun;
97423000AH1779;Les Trois-Bassins;2 Impasse des Capillaires;97426;Les Trois-Bassins;321;a_creuser;22785;1.8;;;ecartee;24;63;92;;0;aucun;
97423000AH1841;Les Trois-Bassins;6 Allée des Camélias;97426;Les Trois-Bassins;398;a_creuser;22890;1.8;;;ecartee;28;62;92;;0;aucun;
97423000AK1671;Les Trois-Bassins;;;;482;a_creuser;23010;1.8;;;ecartee;25;55;92;;0;aucun;
97423000AD0625;Les Trois-Bassins;3 Allée des Béliers;97426;Les Trois-Bassins;761;a_creuser;23058;1.8;;;ecartee;34;63;92;;0;aucun;
97423000AD0686;Les Trois-Bassins;89 Rue Gabriel Mareuil;97426;Les Trois-Bassins;367;a_creuser;23230;1.8;;;ecartee;1;64;92;;0;aucun;
97423000AK1210;Les Trois-Bassins;;;;126;a_creuser;23238;1.8;;;ecartee;7;62;92;;0;aucun;
97423000AD0113;Les Trois-Bassins;;;;401;a_creuser;23592;1.8;;;ecartee;16;59;92;;0;aucun;
97423000AK1598;Les Trois-Bassins;6 Impasse Fond Persil;97426;Les Trois-Bassins;730;a_creuser;23837;1.8;;;ecartee;25;57;92;;0;aucun;
97423000AB0702;Les Trois-Bassins;;;;6517;a_creuser;23840;1.8;;;a_surveiller;85;64;92;;0;aucun;
97423000AK1614;Les Trois-Bassins;;;;929;a_creuser;23924;1.8;;;ecartee;13;74;92;SOCIETE IMMOBILIERE DEPARTEMENT REUNION;;na;
97423000AK2051;Les Trois-Bassins;;;;411;a_creuser;24330;1.8;;;ecartee;14;62;92;;0;aucun;
97423000AK2041;Les Trois-Bassins;;;;506;a_creuser;24677;1.8;;;ecartee;11;61;92;;0;aucun;
97423000AK1719;Les Trois-Bassins;;;;166;a_creuser;24733;1.8;;;ecartee;7;63;92;;0;aucun;
97423000AB0213;Les Trois-Bassins;11 Allée des Cocotiers;97426;Les Trois-Bassins;655;a_creuser;24736;1.8;;;ecartee;16;63;92;LG IMMO;12;faible;Détention longue (aucune mutation DVF 2021-2025) — combinée à d'autres signaux | Siège Réunion, autre commune que la parcelle
97423000AE0914;Les Trois-Bassins;4 Rue Cocâtre;97426;Les Trois-Bassins;395;a_creuser;24939;1.8;;;ecartee;1;61;92;;0;aucun;
97423000AE0925;Les Trois-Bassins;1 Rue Cocâtre;97426;Les Trois-Bassins;617;a_creuser;26996;1.8;;;ecartee;1;61;92;;0;aucun;
97423000AK1570;Les Trois-Bassins;10 Impasse des Fougères;97426;Les Trois-Bassins;371;a_creuser;27186;1.8;;;ecartee;8;73;92;SOCIETE IMMOBILIERE DEPARTEMENT REUNION;;na;
97423000AK1730;Les Trois-Bassins;70 Route Hubert Delisle;97426;Les Trois-Bassins;458;a_creuser;27731;1.6;;;ecartee;1;59;92;;0;aucun;
97423000AK0230;Les Trois-Bassins;;;;222;a_creuser;28091;1.6;;;ecartee;8;61;92;;0;aucun;
97423000AH1188;Les Trois-Bassins;27 Allée des Ramiers;97426;Les Trois-Bassins;1922;a_creuser;28143;1.6;;;ecartee;32;59;92;;0;aucun;
97423000AB1285;Les Trois-Bassins;;;;274;a_creuser;28430;1.6;;;ecartee;29;56;92;;0;aucun;
97423000AK0654;Les Trois-Bassins;14 Rue des Bringéliers;97426;Les Trois-Bassins;459;a_creuser;28544;1.6;;;ecartee;24;63;92;;0;aucun;
97423000AD0606;Les Trois-Bassins;6 Rue des Becs Roses;97426;Les Trois-Bassins;386;a_creuser;29444;1.6;;;ecartee;17;62;92;;0;aucun;
97423000AD0777;Les Trois-Bassins;12 Impasse du Bleu Horizon;97426;Les Trois-Bassins;893;a_creuser;29748;1.6;;;ecartee;4;55;92;;0;aucun;
97423000AK1146;Les Trois-Bassins;64 Chemin Hibon;97426;Les Trois-Bassins;542;a_creuser;29993;1.6;;;ecartee;19;57;92;;0;aucun;
97423000AD0614;Les Trois-Bassins;2 Rue des Becs Roses;97426;Les Trois-Bassins;225;a_creuser;30065;1.6;;;ecartee;27;63;92;;0;aucun;
97423000AK1322;Les Trois-Bassins;;;;305;a_creuser;30325;1.6;;;ecartee;11;56;92;;0;aucun;
97423000AE0918;Les Trois-Bassins;12 Rue Cocâtre;97426;Les Trois-Bassins;327;a_creuser;30582;1.6;;;ecartee;25;61;92;;0;aucun;
97423000AB0445;Les Trois-Bassins;16 Allée des Cocotiers;97426;Les Trois-Bassins;480;a_creuser;30802;1.6;;;ecartee;12;64;92;;0;aucun;
97423000AK2085;Les Trois-Bassins;;;;507;a_creuser;30970;1.6;;;ecartee;33;59;92;;0;aucun;
97423000AK1892;Les Trois-Bassins;36 Chemin Col de Cygne;97426;Les Trois-Bassins;427;a_creuser;31141;1.6;;;ecartee;16;68;92;SOCIETE IMMOBILIERE DEPARTEMENT REUNION;;na;
97423000AK0605;Les Trois-Bassins;13 Chemin des Marguerites;97426;Les Trois-Bassins;432;a_creuser;31182;1.6;;;ecartee;24;63;92;;0;aucun;
97423000AK0613;Les Trois-Bassins;63 Chemin de la Croix Bigat;97426;Les Trois-Bassins;999;a_creuser;31193;1.6;;;ecartee;34;62;92;;0;aucun;
97423000AE1041;Les Trois-Bassins;12 Allée des Bananiers;97426;Les Trois-Bassins;292;a_creuser;31196;1.6;;;ecartee;15;60;92;;0;aucun;
97423000AD0405;Les Trois-Bassins;2 Chemin Charlemagne;97426;Les Trois-Bassins;668;a_creuser;31601;1.6;;;ecartee;34;64;92;;0;aucun;
97423000AE0845;Les Trois-Bassins;;;;568;a_creuser;31987;1.6;;;ecartee;1;61;92;;0;aucun;
97423000AE1088;Les Trois-Bassins;;;;400;a_creuser;32084;1.6;;;ecartee;14;56;92;;0;aucun;
97423000AK1715;Les Trois-Bassins;;;;176;a_creuser;32126;1.6;;;ecartee;4;63;92;;0;aucun;
97423000AH1426;Les Trois-Bassins;;;;201;a_creuser;32206;1.6;;;ecartee;21;59;92;;0;aucun;
97423000AK1209;Les Trois-Bassins;12 a Impasse des Eucalyptus;97426;Les Trois-Bassins;899;a_creuser;32396;1.6;;;ecartee;39;62;92;;0;aucun;
97423000AH1840;Les Trois-Bassins;;;;325;a_creuser;32398;1.6;;;ecartee;25;62;92;;0;aucun;
97423000AE1046;Les Trois-Bassins;21 Allée des Bananiers;97426;Les Trois-Bassins;334;a_creuser;32425;1.6;;;ecartee;27;56;92;;0;aucun;
97423000AK0824;Les Trois-Bassins;8 Chemin des Pamplemousses;97426;Les Trois-Bassins;997;a_creuser;32814;1.6;;;ecartee;30;59;92;MJDK COUTEYEN;4;faible;Siège Réunion, autre commune que la parcelle
97423000AE0965;Les Trois-Bassins;11 Chemin Bénard;97426;Les Trois-Bassins;702;a_creuser;33799;1.6;;;ecartee;22;60;92;;0;aucun;
97423000AK1239;Les Trois-Bassins;;;;461;a_creuser;34194;1.6;;;ecartee;26;61;92;;0;aucun;
97423000AK2086;Les Trois-Bassins;;;;488;a_creuser;34388;1.6;;;ecartee;33;58;92;;0;aucun;
97423000AK2084;Les Trois-Bassins;;;;568;a_creuser;34494;1.6;;;ecartee;34;59;92;;0;aucun;
97423000AK1889;Les Trois-Bassins;5 Chemin Fond Gaspard;97426;Les Trois-Bassins;414;a_creuser;34936;1.6;;;ecartee;16;68;92;SOCIETE IMMOBILIERE DEPARTEMENT REUNION;;na;
97423000AB0866;Les Trois-Bassins;3 Chemin des Chocas;97426;Les Trois-Bassins;918;a_creuser;35210;1.6;;;ecartee;46;60;92;SCI STEPHANIA;12;faible;Détention longue (aucune mutation DVF 2021-2025) — combinée à d'autres signaux | Siège Réunion, autre commune que la parcelle
97423000AK0653;Les Trois-Bassins;12 Rue des Bringéliers;97426;Les Trois-Bassins;436;a_creuser;35298;1.6;;;ecartee;24;61;92;;0;aucun;
97423000AB1392;Les Trois-Bassins;23 a Chemin Adélaïde;97426;Les Trois-Bassins;1162;a_creuser;35649;1.6;;;a_surveiller;70;59;92;;0;aucun;
97423000AB1286;Les Trois-Bassins;;;;101;a_creuser;35907;1.6;;;ecartee;42;56;92;;0;aucun;
97423000AK1565;Les Trois-Bassins;;;;436;a_creuser;35911;1.6;;;ecartee;13;73;92;SOCIETE IMMOBILIERE DEPARTEMENT REUNION;;na;
97423000AK1896;Les Trois-Bassins;2 Chemin Fond Gaspard;97426;Les Trois-Bassins;419;a_creuser;36495;1.6;;;ecartee;27;70;92;SOCIETE IMMOBILIERE DEPARTEMENT REUNION;;na;
97423000AK1883;Les Trois-Bassins;4 Chemin Fond Gaspard;97426;Les Trois-Bassins;459;a_creuser;36674;1.6;;;ecartee;46;68;92;SOCIETE IMMOBILIERE DEPARTEMENT REUNION;;na;
97423000AH0917;Les Trois-Bassins;;;;2405;a_creuser;36789;1.6;;;a_creuser;60;62;92;ETS PUBLIC FONCIER DE LA REUNION;17;faible;Détention longue (aucune mutation DVF 2021-2025) — combinée à d'autres signaux | Terrain nu détenu par PM hors construction/immobilier | Siège Réunion, autre commune que la parcelle
97423000AD0659;Les Trois-Bassins;;;;522;a_creuser;37477;1.6;;;ecartee;15;66;92;SOCIETE ANONYME D'HABITATIONS A LOYER MODERE DE LA REUNION;;na;
97423000AE0915;Les Trois-Bassins;6 Rue Cocâtre;97426;Les Trois-Bassins;494;a_creuser;37578;1.6;;;ecartee;11;61;92;;0;aucun;
97423000AI0112;Les Trois-Bassins;;;;308;a_creuser;37649;1.6;;;ecartee;19;61;92;;0;aucun;
97423000AK1794;Les Trois-Bassins;;;;474;a_creuser;37678;1.6;;;ecartee;29;73;92;SOCIETE DE DEVELOPPEMENT ET DE GESTION D'IMMOBILIER SOCIAL;;na;
97423000AE0484;Les Trois-Bassins;14 Chemin des Poinsettias;97426;Les Trois-Bassins;703;a_creuser;37763;1.6;;;ecartee;1;56;92;;0;aucun;
97423000AB0783;Les Trois-Bassins;;;;171;a_creuser;38039;1.6;;;ecartee;17;56;92;;0;aucun;
97423000AK1480;Les Trois-Bassins;38 Chemin de la Croix Bigat;97426;Les Trois-Bassins;566;a_creuser;38186;1.6;;;ecartee;15;62;92;;0;aucun;
97423000AE0966;Les Trois-Bassins;19 Chemin Bénard;97426;Les Trois-Bassins;484;a_creuser;38257;1.6;;;ecartee;21;60;92;;0;aucun;
97423000AK2075;Les Trois-Bassins;;;;383;a_creuser;38623;1.6;;;ecartee;9;58;92;;0;aucun;
97423000AK1354;Les Trois-Bassins;102 d Rue Henri Auber;97426;Les Trois-Bassins;467;a_creuser;38688;1.6;;;ecartee;22;62;92;;0;aucun;
97423000AK1881;Les Trois-Bassins;26 Chemin Col de Cygne;97426;Les Trois-Bassins;451;a_creuser;39022;1.6;;;ecartee;29;73;92;SOCIETE IMMOBILIERE DEPARTEMENT REUNION;;na;
97423000AI0839;Les Trois-Bassins;;;;582;a_creuser;39682;1.6;;;ecartee;41;60;92;;0;aucun;
97423000AK1904;Les Trois-Bassins;;;;137;a_creuser;40015;1.6;;;ecartee;24;69;92;DES CABANE;0;aucun;
97423000AH1342;Les Trois-Bassins;47 Chemin des Longanis;97426;Les Trois-Bassins;311;a_creuser;40087;1.6;;;ecartee;1;59;92;;0;aucun;
97423000AK1615;Les Trois-Bassins;47 Chemin Hibon;97426;Les Trois-Bassins;829;a_creuser;40136;1.6;;;ecartee;1;61;92;;0;aucun;
97423000AE0884;Les Trois-Bassins;85 Chemin des Cactus;97426;Les Trois-Bassins;359;a_creuser;40303;1.6;;;ecartee;15;55;92;;0;aucun;
97423000AB0091;Les Trois-Bassins;10 Allée des Cocotiers;97426;Les Trois-Bassins;435;a_creuser;41217;1.6;;;ecartee;22;64;92;;0;aucun;
97423000AE1045;Les Trois-Bassins;19 Allée des Bananiers;97426;Les Trois-Bassins;349;a_creuser;42615;1.3;;;ecartee;26;56;92;;0;aucun;
97423000AB1942;Les Trois-Bassins;7 Impasse des Ravenales;97426;Les Trois-Bassins;1147;a_creuser;43027;1.3;;;a_creuser;63;66;92;;0;aucun;
97423000AE0126;Les Trois-Bassins;;;;548;a_creuser;43376;1.3;;;ecartee;14;61;92;;0;aucun;
97423000AB1384;Les Trois-Bassins;2 Allée des Cocotiers;97426;Les Trois-Bassins;218;a_creuser;43746;1.3;;;ecartee;20;64;92;;0;aucun;
97423000AD0746;Les Trois-Bassins;;;;1851;a_creuser;44154;1.3;;;a_creuser;52;63;92;;0;aucun;
97423000AH0156;Les Trois-Bassins;52 Rue du Touring Hôtel;97426;Les Trois-Bassins;900;a_creuser;44506;1.3;;;ecartee;16;63;92;;0;aucun;
97423000AI0338;Les Trois-Bassins;;;;170;a_creuser;44843;1.3;;;ecartee;8;62;92;;0;aucun;
97423000AK1779;Les Trois-Bassins;39 Chemin Marocain;97426;Les Trois-Bassins;826;a_creuser;45086;1.3;;;ecartee;26;58;92;;0;aucun;
97423000AK0660;Les Trois-Bassins;20 Rue des Bringéliers;97426;Les Trois-Bassins;483;a_creuser;45089;1.3;;;ecartee;24;61;92;;0;aucun;
97423000AB1843;Les Trois-Bassins;1 Allée des Palmiers;97426;Les Trois-Bassins;575;a_creuser;45508;1.3;;;ecartee;41;63;92;;0;aucun;
97423000AK1212;Les Trois-Bassins;;;;443;a_creuser;45964;1.3;;;ecartee;24;62;92;UDAF REUNION;0;aucun;
97423000AK1031;Les Trois-Bassins;;;;668;a_creuser;45975;1.3;;;ecartee;35;62;92;;0;aucun;
97423000AB1943;Les Trois-Bassins;9 Chemin des Boudous;97426;Les Trois-Bassins;945;a_creuser;46127;1.3;;;ecartee;44;66;92;;0;aucun;
97423000AB1903;Les Trois-Bassins;23 apprt 1 Impasse des Pétrels;97426;Les Trois-Bassins;438;a_creuser;47767;1.3;;;ecartee;34;63;92;;0;aucun;
97423000AE0632;Les Trois-Bassins;1 Impasse des Lauriers;97426;Les Trois-Bassins;648;a_creuser;48573;1.3;;;ecartee;22;51;92;;0;aucun;
97423000AB1264;Les Trois-Bassins;1 Chemin des Flamboyants;97426;Les Trois-Bassins;542;a_creuser;49416;1.3;;;ecartee;28;64;92;;0;aucun;
97423000AK1473;Les Trois-Bassins;;;;510;a_creuser;49874;1.3;;;ecartee;37;63;92;;0;aucun;
97423000AK1882;Les Trois-Bassins;28 Chemin Col de Cygne;97426;Les Trois-Bassins;473;a_creuser;50044;1.3;;;ecartee;32;70;92;SOCIETE IMMOBILIERE DEPARTEMENT REUNION;;na;
97423000AH0743;Les Trois-Bassins;;;;403;a_creuser;51536;1.3;;;ecartee;14;63;92;;0;aucun;
97423000AB1836;Les Trois-Bassins;;;;5389;a_creuser;52067;1.3;;;a_creuser;61;64;92;;0;aucun;
97423000AE1043;Les Trois-Bassins;15 Allée des Bananiers;97426;Les Trois-Bassins;355;a_creuser;52807;1.3;;;ecartee;1;56;92;;0;aucun;
97423000AK1327;Les Trois-Bassins;338 Route Hubert Delisle;97426;Les Trois-Bassins;424;a_creuser;52867;1.3;;;ecartee;24;59;92;;0;aucun;
97423000AH1314;Les Trois-Bassins;91 Rue du Touring Hôtel;97426;Les Trois-Bassins;559;a_creuser;53314;1.3;;;ecartee;43;63;92;;0;aucun;
97423000AI0824;Les Trois-Bassins;;;;269;a_creuser;53504;1.3;;;ecartee;10;60;92;;0;aucun;
97423000AK1718;Les Trois-Bassins;;;;293;a_creuser;53514;1.3;;;ecartee;22;63;92;;0;aucun;
97423000AE0917;Les Trois-Bassins;10 Rue Cocâtre;97426;Les Trois-Bassins;370;a_creuser;54441;1.3;;;ecartee;8;61;92;;0;aucun;
97423000AB0127;Les Trois-Bassins;9 Impasse de l'Albatros;97426;Les Trois-Bassins;430;a_creuser;54503;1.3;;;ecartee;47;65;92;;0;aucun;
97423000AH1202;Les Trois-Bassins;;;;120;a_creuser;54608;1.3;;;ecartee;8;61;92;;0;aucun;
97423000AH1770;Les Trois-Bassins;;;;361;a_creuser;54832;1.3;;;ecartee;25;62;92;;0;aucun;
97423000AB1350;Les Trois-Bassins;5 c Chemin des Boudous;97426;Les Trois-Bassins;2332;a_creuser;55051;1.3;;;a_surveiller;72;66;92;;0;aucun;
97423000AH1790;Les Trois-Bassins;43 a Rue du Général de Gaulle;97426;Les Trois-Bassins;639;a_creuser;55159;1.3;;;ecartee;30;63;92;;0;aucun;
97423000AH0570;Les Trois-Bassins;;;;221;a_creuser;55223;1.3;;;ecartee;1;57;92;;0;aucun;
97423000AE0878;Les Trois-Bassins;;;;420;a_creuser;55401;1.3;;;ecartee;1;60;92;SOCIETE CIVILE DES GRENADIERS;0;aucun;
97423000AH0326;Les Trois-Bassins;;;;218;a_creuser;55619;1.3;;;ecartee;1;63;92;;0;aucun;
97423000AK1507;Les Trois-Bassins;8 Chemin Bras Calebasse;97426;Les Trois-Bassins;445;a_creuser;55699;1.3;;;ecartee;20;60;92;;0;aucun;
97423000AI0823;Les Trois-Bassins;437 Route Hubert Delisle;97426;Les Trois-Bassins;322;a_creuser;55953;1.3;;;ecartee;22;60;92;;0;aucun;
97423000AB0139;Les Trois-Bassins;22 Allée des Tuits-Tuits;97426;Les Trois-Bassins;1254;a_creuser;57085;1.3;;oui;a_creuser;61;74;92;SCI ACORD;12;faible;Détention longue (aucune mutation DVF 2021-2025) — combinée à d'autres signaux | Siège Réunion, autre commune que la parcelle
97423000AB1355;Les Trois-Bassins;1 Chemin des Flamboyants;97426;Les Trois-Bassins;389;a_creuser;57495;1.3;;;ecartee;12;64;92;;0;aucun;
97423000AK0704;Les Trois-Bassins;244 a Route Hubert Delisle;97426;Les Trois-Bassins;527;a_creuser;57502;1.3;;;ecartee;13;58;92;;0;aucun;
97423000AK1893;Les Trois-Bassins;38 Chemin Col de Cygne;97426;Les Trois-Bassins;424;a_creuser;57568;1.3;;;ecartee;16;68;92;SOCIETE IMMOBILIERE DEPARTEMENT REUNION;;na;
97423000AE1020;Les Trois-Bassins;;;;305;a_creuser;57569;1.3;;;ecartee;30;55;92;;0;aucun;
97423000AD0602;Les Trois-Bassins;61 b Chemin Desbassyns;97426;Les Trois-Bassins;504;a_creuser;57587;1.3;;;ecartee;32;63;92;;0;aucun;
97423000AK0564;Les Trois-Bassins;7 Chemin des Acacias;97426;Les Trois-Bassins;237;a_creuser;57774;1.3;;;ecartee;1;55;92;;0;aucun;
97423000AH1510;Les Trois-Bassins;;;;141;a_creuser;57802;1.3;;;ecartee;1;62;92;;0;aucun;
97423000AK1560;Les Trois-Bassins;89 Rue Henri Auber;97426;Les Trois-Bassins;257;a_creuser;58329;1.3;;;ecartee;6;74;92;SOCIETE IMMOBILIERE DEPARTEMENT REUNION;;na;
97423000AD0403;Les Trois-Bassins;;;;214;a_creuser;58795;1.3;;;ecartee;1;64;92;;0;aucun;
97423000AK1713;Les Trois-Bassins;;;;234;a_creuser;58807;1.3;;;ecartee;4;63;92;;0;aucun;
97423000AK2058;Les Trois-Bassins;;;;760;a_creuser;58915;1.3;;;ecartee;25;66;92;SOCIETE D'AMENAGEMENT FONCIER ET D'ETABLISSEMENT RURAL DE LA;12;faible;Détention longue (aucune mutation DVF 2021-2025) — combinée à d'autres signaux | Siège Réunion, autre commune que la parcelle
97423000AE0648;Les Trois-Bassins;;;;610;a_creuser;58999;1.3;;;ecartee;22;58;92;;0;aucun;
97423000AK0982;Les Trois-Bassins;;;;167;a_creuser;59128;1.3;;;ecartee;31;61;92;;0;aucun;
97423000AB1385;Les Trois-Bassins;4 Allée des Cocotiers;97426;Les Trois-Bassins;212;a_creuser;59897;1.3;;;ecartee;20;64;92;;0;aucun;
97423000AK2076;Les Trois-Bassins;;;;381;a_creuser;60210;1.3;;;ecartee;9;58;92;;0;aucun;
97423000AD0618;Les Trois-Bassins;3 Allée des Merles;97426;Les Trois-Bassins;246;a_creuser;60341;1.3;;;ecartee;27;63;92;;0;aucun;
97423000AK0503;Les Trois-Bassins;;;;923;a_creuser;60458;1.3;;;ecartee;29;62;92;;0;aucun;
97423000AK1147;Les Trois-Bassins;66 Chemin Hibon;97426;Les Trois-Bassins;546;a_creuser;61159;1.3;;;ecartee;19;56;92;;0;aucun;
97423000AD0630;Les Trois-Bassins;42 Chemin Cap du Chat;97426;Les Trois-Bassins;522;a_creuser;61211;1.3;;;ecartee;15;66;92;SUD HABITAT CONSEIL;;na;
97423000AB1929;Les Trois-Bassins;;;;527;a_creuser;61300;1.3;;;ecartee;27;66;92;;0;aucun;
97423000AH1641;Les Trois-Bassins;28 d Rue Gabriel Mareuil;97426;Les Trois-Bassins;587;a_creuser;61306;1.3;;;ecartee;1;59;92;;0;aucun;
97423000AB0141;Les Trois-Bassins;23 Allée des Tuits-Tuits;97426;Les Trois-Bassins;1059;a_creuser;62075;1.3;;;ecartee;43;63;92;;0;aucun;
97423000AB1971;Les Trois-Bassins;13 Allée des Cocotiers;97426;Les Trois-Bassins;481;a_creuser;62159;1.3;;;ecartee;40;64;92;;0;aucun;
97423000AE1034;Les Trois-Bassins;;;;224;a_creuser;62457;1.3;;;ecartee;15;58;92;;0;aucun;
97423000AB1818;Les Trois-Bassins;3 Chemin Adélaïde;97426;Les Trois-Bassins;564;a_creuser;62644;1.3;;;a_creuser;58;62;92;;0;aucun;
97423000AH0733;Les Trois-Bassins;;;;602;a_creuser;63248;1.3;;;ecartee;29;62;92;;0;aucun;
97423000AK0809;Les Trois-Bassins;35 Rue des Bringéliers;97426;Les Trois-Bassins;635;a_creuser;63700;1.3;;;ecartee;1;62;92;;0;aucun;
97423000AB0685;Les Trois-Bassins;7 Allée des Palmiers;97426;Les Trois-Bassins;473;a_creuser;63899;1.3;;;ecartee;42;66;92;;0;aucun;
97423000AI0432;Les Trois-Bassins;;;;495;a_creuser;64271;1.3;;;ecartee;43;62;92;;0;aucun;
97423000AH1673;Les Trois-Bassins;41 a Rue du Touring Hôtel;97426;Les Trois-Bassins;380;a_creuser;64361;1.3;;;ecartee;14;63;92;;0;aucun;
97423000AH0764;Les Trois-Bassins;86 a Rue du Touring Hôtel;97426;Les Trois-Bassins;719;a_creuser;64415;1.3;;;ecartee;7;62;92;;0;aucun;
97423000AH0532;Les Trois-Bassins;;;;570;a_creuser;64652;1.3;;;ecartee;41;62;92;;0;aucun;
97423000AK0940;Les Trois-Bassins;;;;575;a_creuser;64771;1.3;;;ecartee;4;63;92;;0;aucun;
97423000AI0260;Les Trois-Bassins;46 Chemin Mnémonide;97426;Les Trois-Bassins;559;a_creuser;64888;1.3;;;ecartee;24;61;92;;0;aucun;
97423000AB1391;Les Trois-Bassins;23 b Chemin Adélaïde;97426;Les Trois-Bassins;1078;a_creuser;65364;1.3;;;a_surveiller;70;59;92;;0;aucun;
97423000AH0849;Les Trois-Bassins;;;;160;a_creuser;66084;1.3;;;ecartee;35;62;92;;0;aucun;
97423000AK0848;Les Trois-Bassins;8 Impasse de la Vigne;97426;Les Trois-Bassins;272;a_creuser;67545;1.3;;;ecartee;11;58;92;;0;aucun;
97423000AB0211;Les Trois-Bassins;9 Allée des Cocotiers;97426;Les Trois-Bassins;524;a_creuser;67892;1.3;;;ecartee;15;63;92;;0;aucun;
97423000AK1661;Les Trois-Bassins;308 b Route Hubert Delisle;97426;Les Trois-Bassins;481;a_creuser;67901;1.3;;;ecartee;24;61;92;;0;aucun;
97423000AH1055;Les Trois-Bassins;108 c Rue du Touring Hôtel;97426;Les Trois-Bassins;859;a_creuser;68111;1.3;;;ecartee;39;62;92;;0;aucun;
97423000AH0052;Les Trois-Bassins;;;;182;a_creuser;69163;1.3;;;ecartee;1;62;92;;0;aucun;
97423000AI0838;Les Trois-Bassins;;;;470;a_creuser;69493;1.3;;;ecartee;25;60;92;;0;aucun;
97423000AK0402;Les Trois-Bassins;322 Route Hubert Delisle;97426;Les Trois-Bassins;673;a_creuser;70050;1.3;;;ecartee;25;61;92;;0;aucun;
97423000AI0147;Les Trois-Bassins;;;;391;a_creuser;70075;1.3;;;ecartee;28;59;92;;0;aucun;
97423000AE0714;Les Trois-Bassins;21 Chemin Vabois;97426;Les Trois-Bassins;1007;a_creuser;70206;1.3;;;ecartee;16;56;92;;0;aucun;
97423000AH1772;Les Trois-Bassins;;;;394;a_creuser;70752;1.3;;;ecartee;15;62;92;;0;aucun;
97423000AI0272;Les Trois-Bassins;;;;300;a_creuser;70799;1.3;;;ecartee;13;62;92;;25;present;Friche recensée (Cartofriches) | Détention longue (aucune mutation DVF 2021-2025) — combinée à d'autres signaux
97423000AE0420;Les Trois-Bassins;;;;318;a_creuser;71578;1.3;;;ecartee;30;55;92;;0;aucun;
97423000AE0453;Les Trois-Bassins;2 Allée des Frangipaniers;97426;Les Trois-Bassins;465;a_creuser;71736;1.3;;;ecartee;1;57;92;;0;aucun;
97423000AH0841;Les Trois-Bassins;;;;403;a_creuser;72585;1.3;;;ecartee;11;59;92;;0;aucun;
97423000AH1771;Les Trois-Bassins;;;;371;a_creuser;73077;1.3;;;ecartee;15;62;92;;0;aucun;
97423000AB0138;Les Trois-Bassins;20 Allée des Tuits-Tuits;97426;Les Trois-Bassins;952;a_creuser;73132;1.3;;oui;chaude;65;73;92;SCI J B C;12;faible;Détention longue (aucune mutation DVF 2021-2025) — combinée à d'autres signaux | Siège Réunion, autre commune que la parcelle
97423000AC0059;Les Trois-Bassins;39 Chemin de l'École du Bois de Nèfles;97426;Les Trois-Bassins;229;a_creuser;73420;1.3;;;ecartee;1;56;92;;0;aucun;
97423000AD0629;Les Trois-Bassins;40 Chemin Cap du Chat;97426;Les Trois-Bassins;549;a_creuser;74168;1.3;;;ecartee;3;66;92;SOCIETE ANONYME D'HABITATIONS A LOYER MODERE DE LA REUNION;;na;
97423000AB0795;Les Trois-Bassins;5 Impasse de l'Albatros;97426;Les Trois-Bassins;703;a_creuser;74205;1.3;;;a_creuser;58;66;92;;0;aucun;
97423000AE0300;Les Trois-Bassins;;;;751;a_creuser;74280;1.3;;;ecartee;14;59;92;;0;aucun;
97423000AI0145;Les Trois-Bassins;;;;440;a_creuser;75060;1.3;;;ecartee;43;59;92;;0;aucun;
97423000AI0843;Les Trois-Bassins;24 Chemin de la Zone Artisanale;97426;Les Trois-Bassins;592;a_creuser;75371;1.3;;;ecartee;39;61;92;;0;aucun;
97423000AD0106;Les Trois-Bassins;;;;275;a_creuser;75530;1.3;;;ecartee;1;62;92;SUCCESSION DE MME AURE JEANNE;0;aucun;
97423000AE1055;Les Trois-Bassins;47 b Route Hubert Delisle;97426;Les Trois-Bassins;333;a_creuser;75629;1.3;;;ecartee;8;61;92;;0;aucun;
97423000AD0406;Les Trois-Bassins;2 a Chemin Charlemagne;97426;Les Trois-Bassins;709;a_creuser;76130;1.3;;;ecartee;40;62;92;;0;aucun;
97423000AE0516;Les Trois-Bassins;54 Chemin des Cactus;97426;Les Trois-Bassins;399;a_creuser;76363;1.3;;;ecartee;33;58;92;;0;aucun;
97423000AH1020;Les Trois-Bassins;;;;115;a_creuser;77169;1.3;;;ecartee;16;59;92;;0;aucun;
97423000AH0796;Les Trois-Bassins;37 a Rue du Touring Hôtel;97426;Les Trois-Bassins;914;a_creuser;77261;1.3;;;ecartee;19;63;92;;0;aucun;
97423000AK0631;Les Trois-Bassins;7 Rue des Bringéliers;97426;Les Trois-Bassins;412;a_creuser;77578;1.3;;;ecartee;24;61;92;;0;aucun;
97423000AH0586;Les Trois-Bassins;;;;105;a_creuser;77603;1.3;;;ecartee;26;62;92;;0;aucun;
97423000AB1383;Les Trois-Bassins;8 Allée des Cocotiers;97426;Les Trois-Bassins;559;a_creuser;77759;1.3;;;ecartee;23;64;92;;0;aucun;
97423000AK0642;Les Trois-Bassins;5 Rue des Goyaves;97426;Les Trois-Bassins;408;a_creuser;77764;1.3;;;ecartee;24;61;92;;0;aucun;
97423000AI0751;Les Trois-Bassins;10 b Chemin des Bougainvilliers;97426;Les Trois-Bassins;336;a_creuser;77820;1.3;;;ecartee;8;62;92;;0;aucun;
97423000AI0114;Les Trois-Bassins;;;;532;a_creuser;77912;1.3;;;ecartee;21;60;92;;0;aucun;
97423000AK0373;Les Trois-Bassins;;;;440;a_creuser;78125;1.3;;;ecartee;24;63;92;;0;aucun;
97423000AK1848;Les Trois-Bassins;32 Rue Henri Auber;97426;Les Trois-Bassins;252;a_creuser;78909;1.3;;;ecartee;8;75;92;SOCIETE IMMOBILIERE DEPARTEMENT REUNION;;na;
97423000AK0637;Les Trois-Bassins;2 Rue des Bringéliers;97426;Les Trois-Bassins;395;a_creuser;79157;1.3;;;ecartee;24;61;92;;0;aucun;
97423000AB1939;Les Trois-Bassins;10 Chemin des Boudous;97426;Les Trois-Bassins;1068;a_creuser;79283;1.3;;;ecartee;45;64;92;;0;aucun;
97423000AC0506;Les Trois-Bassins;2 c Rue des Amaryllis;97426;Les Trois-Bassins;481;a_creuser;79959;1.2;;;ecartee;1;61;92;;0;aucun;
97423000AH0551;Les Trois-Bassins;;;;154;a_creuser;81173;1.2;;;ecartee;18;63;92;;25;present;Friche recensée (Cartofriches) | Détention longue (aucune mutation DVF 2021-2025) — combinée à d'autres signaux
97423000AK0712;Les Trois-Bassins;3 Allée des Hortensias;97426;Les Trois-Bassins;489;a_creuser;82040;1.2;;;ecartee;6;63;92;;0;aucun;
97423000AE0421;Les Trois-Bassins;84 a Chemin des Cactus;97426;Les Trois-Bassins;429;a_creuser;82562;1.2;;;ecartee;37;56;92;;0;aucun;
97423000AD0548;Les Trois-Bassins;;;;1869;a_creuser;82812;1.2;;;ecartee;24;63;92;;0;aucun;
97423000AH0345;Les Trois-Bassins;;;;113;a_creuser;83277;1.2;;;ecartee;33;60;92;;0;aucun;
97423000AB1353;Les Trois-Bassins;3 Chemin des Flamboyants;97426;Les Trois-Bassins;1157;a_creuser;85157;1.2;;;a_creuser;55;64;92;;0;aucun;
97423000AK1167;Les Trois-Bassins;1 Chemin Pelletier;97426;Les Trois-Bassins;683;a_creuser;85279;1.2;;;ecartee;1;61;92;;0;aucun;
97423000AD0761;Les Trois-Bassins;;;;123;a_creuser;85518;1.2;;;ecartee;1;56;92;;0;aucun;
97423000AH1327;Les Trois-Bassins;;;;9889;a_creuser;85520;1.2;;;ecartee;20;61;92;;0;aucun;
97423000AD0463;Les Trois-Bassins;;;;211;a_creuser;85682;1.2;;;ecartee;1;62;92;;0;aucun;
97423000AD0776;Les Trois-Bassins;;;;622;a_creuser;86107;1.2;;;ecartee;1;58;92;;0;aucun;
97423000AK0588;Les Trois-Bassins;;;;1464;a_creuser;86286;1.2;;;a_creuser;51;63;92;;0;aucun;
97423000AK0504;Les Trois-Bassins;;;;950;a_creuser;86945;1.2;;;ecartee;39;62;92;;0;aucun;
97423000AI0750;Les Trois-Bassins;10 Chemin des Bougainvilliers;97426;Les Trois-Bassins;394;a_creuser;87246;1.2;;;ecartee;23;62;92;;0;aucun;
97423000AH1605;Les Trois-Bassins;;;;499;a_creuser;87789;1.2;;;ecartee;13;60;92;;0;aucun;
97423000AK0943;Les Trois-Bassins;5 Allée des Aubépines;97426;Les Trois-Bassins;171;a_creuser;87900;1.2;;;ecartee;35;60;92;;0;aucun;
97423000AK2000;Les Trois-Bassins;10 Chemin Hibon;97426;Les Trois-Bassins;928;a_creuser;88058;1.2;;;ecartee;33;61;92;;0;aucun;
97423000AH1424;Les Trois-Bassins;;;;496;a_creuser;88845;1.2;;;ecartee;1;61;92;SOCIETE FLOREBO;0;aucun;
97423000AI0381;Les Trois-Bassins;;;;663;a_creuser;88899;1.2;;;ecartee;9;71;92;SOCIETE IMMOBILIERE DEPARTEMENT REUNION;;na;
97423000AH1750;Les Trois-Bassins;;;;1467;a_creuser;88917;1.2;;;ecartee;44;60;92;;0;aucun;
97423000AH1219;Les Trois-Bassins;33 Rue du Touring Hôtel;97426;Les Trois-Bassins;284;a_creuser;89833;1.2;;;ecartee;1;63;92;;0;aucun;
97423000AE0857;Les Trois-Bassins;;;;641;a_creuser;90218;1.2;;;ecartee;9;58;92;;0;aucun;
97423000AK1205;Les Trois-Bassins;;;;349;a_creuser;90256;1.2;;;ecartee;9;62;92;UDAF REUNION;0;aucun;
97423000AK1098;Les Trois-Bassins;;;;1952;a_creuser;91634;1.2;;;ecartee;42;61;92;;0;aucun;
97423000AB0799;Les Trois-Bassins;2 Chemin des Chocas;97426;Les Trois-Bassins;689;a_creuser;91920;1.2;;;ecartee;45;56;92;;0;aucun;
97423000AH0580;Les Trois-Bassins;;;;252;a_creuser;92010;1.2;;;ecartee;1;59;92;;0;aucun;
97423000AB0210;Les Trois-Bassins;7 Allée des Cocotiers;97426;Les Trois-Bassins;636;a_creuser;93105;1.2;;;ecartee;38;63;92;;0;aucun;
97423000AI0801;Les Trois-Bassins;66 Chemin Raux;97426;Les Trois-Bassins;231;a_creuser;93140;1.2;;;ecartee;9;58;92;;0;aucun;
97423000AH0695;Les Trois-Bassins;;;;991;a_creuser;94086;1.2;;;ecartee;31;75;92;SOCIETE IMMOBILIERE DEPARTEMENT REUNION;;na;
97423000AH1805;Les Trois-Bassins;42 b Rue du Général de Gaulle;97426;Les Trois-Bassins;397;a_creuser;94447;1.2;;;ecartee;1;63;92;;0;aucun;
97423000AI0511;Les Trois-Bassins;;;;477;a_creuser;94651;1.2;;;ecartee;21;70;92;SOCIETE IMMOBILIERE DEPARTEMENT REUNION;;na;
97423000AH1217;Les Trois-Bassins;;;;192;a_creuser;95117;1.2;;;ecartee;9;63;92;;0;aucun;
97423000AH0261;Les Trois-Bassins;;;;302;a_creuser;95241;1.2;;;ecartee;1;63;92;;0;aucun;
97423000AH1296;Les Trois-Bassins;6 Allée des Perdrix;97426;Les Trois-Bassins;787;a_creuser;95432;1.2;;;ecartee;24;61;92;;0;aucun;
97423000AK0667;Les Trois-Bassins;27 Rue des Bringéliers;97426;Les Trois-Bassins;596;a_creuser;95536;1.2;;;ecartee;40;63;92;;0;aucun;
97423000AH1250;Les Trois-Bassins;9 Rue du Père Jonas Hoareau;97426;Les Trois-Bassins;398;a_creuser;95738;1.2;;;ecartee;24;63;92;;0;aucun;
97423000AD0598;Les Trois-Bassins;61 a Chemin Desbassyns;97426;Les Trois-Bassins;554;a_creuser;96255;1.2;;;ecartee;33;64;92;;0;aucun;
97423000AH0705;Les Trois-Bassins;;;;692;a_creuser;96433;1.2;;;ecartee;5;63;92;;0;aucun;
97423000AE0352;Les Trois-Bassins;;;;985;a_creuser;97286;1.2;;;ecartee;31;55;92;;0;aucun;
97423000AK1708;Les Trois-Bassins;34 b Chemin de la Croix Bigat;97426;Les Trois-Bassins;632;a_creuser;98276;1.2;;;ecartee;20;63;92;;0;aucun;
97423000AE0302;Les Trois-Bassins;;;;206;a_creuser;99184;1.2;;;ecartee;23;59;92;;0;aucun;
97423000AD0657;Les Trois-Bassins;92 Chemin Desbassyns;97426;Les Trois-Bassins;326;a_creuser;99511;1.2;;;ecartee;5;66;92;SUD HABITAT CONSEIL;;na;
97423000AH0839;Les Trois-Bassins;;;;434;a_creuser;99694;1.2;;;ecartee;11;59;92;;0;aucun;
97423000AD0743;Les Trois-Bassins;14 Chemin des Mimosas;97426;Les Trois-Bassins;739;a_creuser;99871;1.2;;;ecartee;48;59;92;;0;aucun;
97423000AK0710;Les Trois-Bassins;4 Chemin des Pamplemousses;97426;Les Trois-Bassins;469;a_creuser;100291;1.2;;;ecartee;3;61;92;;0;aucun;
97423000AK1213;Les Trois-Bassins;4 Impasse des Eucalyptus;97426;Les Trois-Bassins;912;a_creuser;100383;1.2;;;ecartee;44;62;92;;0;aucun;
97423000AH0505;Les Trois-Bassins;119 Rue du Touring Hôtel;97426;Les Trois-Bassins;429;a_creuser;100490;1.2;;;ecartee;1;62;92;;0;aucun;
97423000AE0875;Les Trois-Bassins;24 Chemin des Cactus;97426;Les Trois-Bassins;431;a_creuser;100556;1.2;;;ecartee;16;56;92;;0;aucun;
97423000AK0133;Les Trois-Bassins;43 Chemin Pelletier;97426;Les Trois-Bassins;2261;a_creuser;100624;1.2;;;ecartee;7;54;92;;0;aucun;
97423000AH0583;Les Trois-Bassins;67 Rue du Stade;97426;Les Trois-Bassins;305;a_creuser;100722;1.2;;;ecartee;16;62;92;;0;aucun;
97423000AB1950;Les Trois-Bassins;2 Allée des Tuits-Tuits;97426;Les Trois-Bassins;207;a_creuser;101298;1.2;;;ecartee;29;61;92;;0;aucun;
97423000AE0486;Les Trois-Bassins;;;;560;a_creuser;102548;1.2;;;ecartee;20;57;92;;0;aucun;
97423000AH1428;Les Trois-Bassins;48 Chemin des Longanis;97426;Les Trois-Bassins;512;a_creuser;102656;1.2;;;ecartee;8;59;92;;0;aucun;
97423000AH0729;Les Trois-Bassins;;;;205;a_creuser;102685;1.2;;;ecartee;9;62;92;;0;aucun;
97423000AD0733;Les Trois-Bassins;2 c Chemin Charlemagne;97426;Les Trois-Bassins;346;a_creuser;103194;1.2;;;ecartee;25;61;92;;0;aucun;
97423000AH0724;Les Trois-Bassins;6 Rue du Général de Gaulle;97426;Les Trois-Bassins;399;a_creuser;103343;1.2;;;ecartee;13;75;92;SOC REUNION PRODUITS PETROLIERS;0;aucun;
97423000AB0798;Les Trois-Bassins;14 Route Nationale 1a;97426;Les Trois-Bassins;448;a_creuser;103435;1.2;;;ecartee;1;61;92;;0;aucun;
97423000AH0572;Les Trois-Bassins;;;;159;a_creuser;103451;1.2;;;ecartee;1;59;92;;0;aucun;
97423000AH0807;Les Trois-Bassins;37 Rue du Général de Gaulle;97426;Les Trois-Bassins;334;a_creuser;104206;1.2;;;ecartee;14;63;92;;25;present;Friche recensée (Cartofriches) | Détention longue (aucune mutation DVF 2021-2025) — combinée à d'autres signaux
97423000AC0015;Les Trois-Bassins;;;;369;a_creuser;104533;1.2;;;ecartee;31;60;92;;0;aucun;
97423000AB0142;Les Trois-Bassins;24 Allée des Tuits-Tuits;97426;Les Trois-Bassins;937;a_creuser;104597;1.2;;;ecartee;40;63;92;;0;aucun;
97423000AB1349;Les Trois-Bassins;;;;676;a_creuser;105330;1.2;;;a_creuser;51;66;92;;0;aucun;
97423000AD0764;Les Trois-Bassins;;;;450;a_creuser;105565;1.2;;;ecartee;2;60;92;;0;aucun;
97423000AD0739;Les Trois-Bassins;;;;420;a_creuser;105601;1.2;;;ecartee;1;58;92;;0;aucun;
97423000AD0328;Les Trois-Bassins;;;;133;a_creuser;105937;1.2;;;ecartee;18;62;92;;0;aucun;
97423000AC0105;Les Trois-Bassins;;;;517;a_creuser;106258;1.2;;;ecartee;22;60;92;;0;aucun;
97423000AK0858;Les Trois-Bassins;;;;1651;a_creuser;106346;1.2;;;a_creuser;59;62;92;;0;aucun;
97423000AD0060;Les Trois-Bassins;;;;152;a_creuser;106765;1.2;;;ecartee;1;60;92;;0;aucun;
97423000AE0386;Les Trois-Bassins;65 Chemin des Cactus;97426;Les Trois-Bassins;469;a_creuser;107126;1.2;;;ecartee;33;57;92;;0;aucun;
97423000AH0731;Les Trois-Bassins;315 Route Hubert Delisle;97426;Les Trois-Bassins;348;a_creuser;108102;1.2;;;ecartee;24;61;92;;0;aucun;
97423000AH1019;Les Trois-Bassins;;;;488;a_creuser;108173;1.2;;;ecartee;16;60;92;;0;aucun;
97423000AK0251;Les Trois-Bassins;15 Chemin Hibon;97426;Les Trois-Bassins;2128;a_creuser;108407;1.2;;;a_creuser;55;61;92;;0;aucun;
97423000AI0612;Les Trois-Bassins;38 Rue des Capucines;97426;Les Trois-Bassins;288;a_creuser;108560;1.2;;;ecartee;20;63;92;;0;aucun;
97423000AE0859;Les Trois-Bassins;;;;656;a_creuser;108725;1.2;;;ecartee;19;60;92;;0;aucun;
97423000AE0329;Les Trois-Bassins;21 a Route Hubert Delisle;97426;Les Trois-Bassins;963;a_creuser;109590;1.2;;;ecartee;20;61;92;;0;aucun;
97423000AI0617;Les Trois-Bassins;25 Rue des Capucines;97426;Les Trois-Bassins;277;a_creuser;109893;1.2;;;ecartee;8;62;92;;0;aucun;
97423000AK1207;Les Trois-Bassins;;;;922;a_creuser;110045;1.2;;;ecartee;39;63;92;;0;aucun;
97423000AD0736;Les Trois-Bassins;13 Chemin Cap du Chat;97426;Les Trois-Bassins;878;a_creuser;110048;1.2;;;ecartee;27;64;92;;0;aucun;
97423000AH1276;Les Trois-Bassins;;;;151;a_creuser;110428;1.2;;;ecartee;18;61;92;;0;aucun;
97423000AK1895;Les Trois-Bassins;30 Chemin Col de Cygne;97426;Les Trois-Bassins;403;a_creuser;110541;1.2;;;ecartee;28;70;92;SOCIETE IMMOBILIERE DEPARTEMENT REUNION;;na;
97423000AH1042;Les Trois-Bassins;;;;266;a_creuser;110856;1.2;;;ecartee;1;63;92;;0;aucun;
97423000AI0523;Les Trois-Bassins;;;;511;a_creuser;111093;1.2;;;ecartee;36;62;92;;0;aucun;
97423000AH1687;Les Trois-Bassins;;;;154;a_creuser;111112;1.2;;;ecartee;1;63;92;;0;aucun;
97423000AB1225;Les Trois-Bassins;18 Allée des Coraux;97426;Les Trois-Bassins;852;a_creuser;111945;1.2;;;ecartee;1;64;92;;0;aucun;
97423000AI0845;Les Trois-Bassins;16 Chemin de la Zone Artisanale;97426;Les Trois-Bassins;331;a_creuser;112021;1.2;;;ecartee;1;60;92;;0;aucun;
97423000AH0410;Les Trois-Bassins;253 Route Hubert Delisle;97426;Les Trois-Bassins;749;a_creuser;112771;1.2;;;ecartee;22;60;92;;0;aucun;
97423000AK1279;Les Trois-Bassins;43 Chemin Pelletier;97426;Les Trois-Bassins;803;a_creuser;113906;1.2;;;ecartee;34;54;92;;0;aucun;
97423000AK0516;Les Trois-Bassins;;;;871;a_creuser;116128;1.2;;;ecartee;38;61;92;;0;aucun;
97423000AH0531;Les Trois-Bassins;;;;191;a_creuser;118005;1.2;;;ecartee;10;62;92;;0;aucun;
97423000AI0696;Les Trois-Bassins;57 b Chemin Mnémonide;97426;Les Trois-Bassins;650;a_creuser;118157;1.2;;;ecartee;34;62;92;;0;aucun;
97423000AH0840;Les Trois-Bassins;;;;434;a_creuser;119054;1.2;;;ecartee;11;59;92;;0;aucun;
97423000AH0850;Les Trois-Bassins;15 b Rue Georges Brassens;97426;Les Trois-Bassins;230;a_creuser;119306;1.2;;;ecartee;10;60;92;;0;aucun;
97423000AH1383;Les Trois-Bassins;7 Chemin des Azalées;97426;Les Trois-Bassins;1175;a_creuser;120061;1.2;;;ecartee;35;62;92;;0;aucun;
97423000AK1149;Les Trois-Bassins;7 Allée des Tournesols;97426;Les Trois-Bassins;1096;a_creuser;120490;1.2;;;ecartee;19;55;92;;0;aucun;
97423000AE0435;Les Trois-Bassins;;;;117;a_creuser;121370;1.2;;;ecartee;15;56;92;;0;aucun;
97423000AB1386;Les Trois-Bassins;6 Allée des Cocotiers;97426;Les Trois-Bassins;173;a_creuser;122171;1.2;;;ecartee;17;64;92;;0;aucun;
97423000AH0473;Les Trois-Bassins;12 Ruelle Tricard;97426;Les Trois-Bassins;235;a_creuser;122329;1.2;;;ecartee;18;63;92;;25;present;Friche recensée (Cartofriches) | Détention longue (aucune mutation DVF 2021-2025) — combinée à d'autres signaux
97423000AE0874;Les Trois-Bassins;22 Chemin des Cactus;97426;Les Trois-Bassins;444;a_creuser;122867;1.2;;;ecartee;10;55;92;;0;aucun;
97423000AK0249;Les Trois-Bassins;14 Chemin Hibon;97426;Les Trois-Bassins;1857;a_creuser;123004;1.2;;;ecartee;47;61;92;;0;aucun;
97423000AH1344;Les Trois-Bassins;28 Allée des Ramiers;97426;Les Trois-Bassins;1183;a_creuser;123199;1.2;;;ecartee;36;59;92;;0;aucun;
97423000AD0239;Les Trois-Bassins;;;;600;a_creuser;124019;1.2;;;ecartee;28;63;92;;0;aucun;
97423000AI0693;Les Trois-Bassins;;;;125;a_creuser;125129;1.2;;;ecartee;25;72;92;SOCIETE IMMOBILIERE DEPARTEMENT REUNION;;na;
97423000AE0301;Les Trois-Bassins;;;;836;a_creuser;125371;1.2;;;ecartee;18;59;92;;0;aucun;
97423000AK0857;Les Trois-Bassins;;;;1579;a_creuser;126286;1.2;;;a_creuser;55;61;92;;0;aucun;
97423000AB0206;Les Trois-Bassins;3 Allée des Cocotiers;97426;Les Trois-Bassins;891;a_creuser;126401;1.2;;;ecartee;29;63;92;;0;aucun;
97423000AH0568;Les Trois-Bassins;;;;280;a_creuser;126656;1.2;;;ecartee;5;58;92;;0;aucun;
97423000AE0847;Les Trois-Bassins;52 Chemin des Cactus;97426;Les Trois-Bassins;328;a_creuser;126780;1.1;;;ecartee;33;58;92;;0;aucun;
97423000AD0655;Les Trois-Bassins;88 Chemin Desbassyns;97426;Les Trois-Bassins;353;a_creuser;127363;1.1;;;ecartee;20;64;92;SOCIETE ANONYME D'HABITATIONS A LOYER MODERE DE LA REUNION;;na;
97423000AE0298;Les Trois-Bassins;;;;805;a_creuser;127613;1.1;;;ecartee;30;58;92;;0;aucun;
97423000AD0734;Les Trois-Bassins;2 d Chemin Charlemagne;97426;Les Trois-Bassins;356;a_creuser;128314;1.1;;;ecartee;27;62;92;;0;aucun;
97423000AB0255;Les Trois-Bassins;16 Allée des Coraux;97426;Les Trois-Bassins;817;a_creuser;128594;1.1;;;ecartee;30;64;92;;0;aucun;
97423000AH1850;Les Trois-Bassins;;;;621;a_creuser;129062;1.1;;;ecartee;34;62;92;;0;aucun;
97423000AD0760;Les Trois-Bassins;;;;887;a_creuser;129117;1.1;;;ecartee;37;56;92;;0;aucun;
97423000AH1838;Les Trois-Bassins;11 Allée des Lilas;97426;Les Trois-Bassins;737;a_creuser;131019;1.1;;;ecartee;14;62;92;;0;aucun;
97423000AD0628;Les Trois-Bassins;38 Chemin Cap du Chat;97426;Les Trois-Bassins;692;a_creuser;131693;1.1;;;ecartee;1;67;92;SOCIETE ANONYME D'HABITATIONS A LOYER MODERE DE LA REUNION;;na;
97423000AH1502;Les Trois-Bassins;25 Allée des Ramiers;97426;Les Trois-Bassins;757;a_creuser;131737;1.1;;;ecartee;24;59;92;;0;aucun;
97423000AK0985;Les Trois-Bassins;61 Chemin Hibon;97426;Les Trois-Bassins;869;a_creuser;132261;1.1;;;ecartee;8;58;92;;0;aucun;
97423000AK1969;Les Trois-Bassins;4 Chemin de la Croix Bigat;97426;Les Trois-Bassins;2477;a_creuser;133121;1.1;;;ecartee;45;63;92;;0;aucun;
97423000AH0037;Les Trois-Bassins;;;;123;a_creuser;133335;1.1;;;ecartee;36;63;92;SUCCESSION BAVOL AUGUSTIN;0;aucun;
97423000AH1503;Les Trois-Bassins;28 Rue Gabriel Mareuil;97426;Les Trois-Bassins;394;a_creuser;133541;1.1;;;ecartee;18;59;92;;0;aucun;
97423000AH1711;Les Trois-Bassins;;;;533;a_creuser;134012;1.1;;;ecartee;30;62;92;;0;aucun;
97423000AE0858;Les Trois-Bassins;;;;724;a_creuser;134848;1.1;;;ecartee;19;59;92;;0;aucun;
97423000AH1709;Les Trois-Bassins;;;;497;a_creuser;135376;1.1;;;ecartee;14;62;92;;0;aucun;
97423000AE0299;Les Trois-Bassins;;;;901;a_creuser;137630;1.1;;;ecartee;15;59;92;;0;aucun;
97423000AB1968;Les Trois-Bassins;12 a Allée des Coraux;97426;Les Trois-Bassins;636;a_creuser;137778;1.1;;;ecartee;34;64;92;;0;aucun;
97423000AE0646;Les Trois-Bassins;16 Chemin des Orchidées;97426;Les Trois-Bassins;555;a_creuser;138439;1.1;;;ecartee;4;51;92;;0;aucun;
97423000AD0542;Les Trois-Bassins;;;;2539;a_creuser;138771;1.1;;;a_creuser;61;62;92;;0;aucun;
97423000AK1032;Les Trois-Bassins;;;;1605;a_creuser;139960;1.1;;;ecartee;49;61;92;;0;aucun;
97423000AD0759;Les Trois-Bassins;9 Chemin Manioc;97426;Les Trois-Bassins;568;a_creuser;140899;1.1;;;ecartee;36;58;92;;0;aucun;
97423000AI0033;Les Trois-Bassins;;;;381;a_creuser;141519;1.1;;;ecartee;26;60;92;;0;aucun;
97423000AK0650;Les Trois-Bassins;8 Rue des Roses;97426;Les Trois-Bassins;600;a_creuser;142254;1.1;;;ecartee;30;61;92;;0;aucun;
97423000AK0698;Les Trois-Bassins;;;;1900;a_creuser;143634;1.1;;;ecartee;37;63;92;;0;aucun;
97423000AK1340;Les Trois-Bassins;;;;1471;a_creuser;143662;1.1;;;a_creuser;50;59;92;;0;aucun;
97423000AH1748;Les Trois-Bassins;8 Rue Georges Brassens;97426;Les Trois-Bassins;418;a_creuser;144136;1.0;;;ecartee;25;63;92;;0;aucun;
97423000AH1145;Les Trois-Bassins;14 Lotissement Padre;97426;Les Trois-Bassins;236;a_creuser;144602;1.0;;;ecartee;9;62;92;;0;aucun;
97423000AK0854;Les Trois-Bassins;18 Chemin des Tamarins;97426;Les Trois-Bassins;1589;a_creuser;145341;1.0;;;ecartee;48;61;92;;0;aucun;
97423000AH1407;Les Trois-Bassins;;;;1407;a_creuser;145517;1.0;;oui;a_creuser;53;71;92;LES OCEANES DES TROIS BASSINS SCCV;12;faible;Détention longue (aucune mutation DVF 2021-2025) — combinée à d'autres signaux | Siège Réunion, autre commune que la parcelle | Cessation déclarée / mise en sommeil
97423000AH1362;Les Trois-Bassins;47 a Rue du Touring Hôtel;97426;Les Trois-Bassins;601;a_creuser;145851;1.0;;;ecartee;30;63;92;;0;aucun;
97423000AH1690;Les Trois-Bassins;5 Rue Jérôme Jarry;97426;Les Trois-Bassins;567;a_creuser;146110;1.0;;;ecartee;40;63;92;;0;aucun;
97423000AI0593;Les Trois-Bassins;16 Chemin Mnémonide;97426;Les Trois-Bassins;907;a_creuser;147004;1.0;;;ecartee;44;62;92;;0;aucun;
97423000AD0461;Les Trois-Bassins;58 Chemin Desbassyns;97426;Les Trois-Bassins;675;a_creuser;147465;1.0;;;ecartee;16;63;92;;0;aucun;
97423000AH1648;Les Trois-Bassins;7 a Chemin des Longanis;97426;Les Trois-Bassins;1048;a_creuser;148008;1.0;;;ecartee;28;63;92;;0;aucun;
97423000AK1145;Les Trois-Bassins;62 Chemin Hibon;97426;Les Trois-Bassins;1052;a_creuser;148685;1.0;;;ecartee;23;58;92;;0;aucun;
97423000AB1972;Les Trois-Bassins;13 Allée des Cocotiers;97426;Les Trois-Bassins;186;a_creuser;150401;1.0;;;ecartee;25;64;92;;0;aucun;
97423000AK0255;Les Trois-Bassins;23 Chemin Hibon;97426;Les Trois-Bassins;1778;a_creuser;151379;1.0;;;ecartee;11;61;92;;0;aucun;
97423000AE1039;Les Trois-Bassins;;;;175;a_creuser;152064;1.0;;;ecartee;15;58;92;;0;aucun;
97423000AD0029;Les Trois-Bassins;;;;562;a_creuser;152191;1.0;;;ecartee;11;56;92;;0;aucun;
97423000AH1057;Les Trois-Bassins;13 Chemin des Longanis;97426;Les Trois-Bassins;2045;a_creuser;152292;1.0;;;ecartee;42;59;92;;0;aucun;
97423000AH1525;Les Trois-Bassins;;;;569;a_creuser;152931;1.0;;;ecartee;40;63;92;;0;aucun;
97423000AK0257;Les Trois-Bassins;27 Chemin Hibon;97426;Les Trois-Bassins;1967;a_creuser;153329;1.0;;;ecartee;24;61;92;;0;aucun;
97423000AD0649;Les Trois-Bassins;115 Chemin Desbassyns;97426;Les Trois-Bassins;179;a_creuser;153635;1.0;;;ecartee;1;63;92;SOCIETE ANONYME D'HABITATIONS A LOYER MODERE DE LA REUNION;;na;
97423000AH1683;Les Trois-Bassins;26 b Allée des Lilas;97426;Les Trois-Bassins;720;a_creuser;154613;1.0;;;ecartee;29;62;92;;0;aucun;
97423000AK0880;Les Trois-Bassins;172 Rue Henri Auber;97426;Les Trois-Bassins;1124;a_creuser;155086;1.0;;;ecartee;34;63;92;;0;aucun;
97423000AE0395;Les Trois-Bassins;48 Chemin des Cactus;97426;Les Trois-Bassins;271;a_creuser;155796;1.0;;;ecartee;10;58;92;;0;aucun;
97423000AH0581;Les Trois-Bassins;;;;616;a_creuser;156746;1.0;;;ecartee;32;57;92;;0;aucun;
97423000AK0039;Les Trois-Bassins;131 Rue Henri Auber;97426;Les Trois-Bassins;2573;a_creuser;158212;1.0;;;a_creuser;59;63;92;;0;aucun;
97423000AK0827;Les Trois-Bassins;2 Allée des Hortensias;97426;Les Trois-Bassins;1123;a_creuser;158543;1.0;;;ecartee;31;63;92;;0;aucun;
97423000AD0098;Les Trois-Bassins;;;;275;a_creuser;158588;1.0;;;ecartee;25;62;92;;0;aucun;
97423000AD0763;Les Trois-Bassins;;;;794;a_creuser;159447;1.0;;;ecartee;30;56;92;;0;aucun;
97423000AI0703;Les Trois-Bassins;;;;505;a_creuser;159536;1.0;;;ecartee;41;61;92;;0;aucun;
97423000AE0454;Les Trois-Bassins;1 Allée des Bananiers;97426;Les Trois-Bassins;440;a_creuser;159599;1.0;;;ecartee;13;56;92;;0;aucun;
97423000AD0741;Les Trois-Bassins;;;;176;a_creuser;161224;1.0;;;ecartee;22;57;92;;0;aucun;
97423000AH1108;Les Trois-Bassins;373 Route Hubert Delisle;97426;Les Trois-Bassins;8220;a_creuser;161765;1.0;;;ecartee;20;61;92;;0;aucun;
97423000AH1712;Les Trois-Bassins;66 b Rue Georges Brassens;97426;Les Trois-Bassins;424;a_creuser;162266;1.0;;;ecartee;24;62;92;;0;aucun;
97423000AD0172;Les Trois-Bassins;17 Chemin des Vavangues;97426;Les Trois-Bassins;2357;a_creuser;163490;1.0;;;ecartee;37;61;92;;0;aucun;
97423000AH1322;Les Trois-Bassins;78 Rue du Stade;97426;Les Trois-Bassins;505;a_creuser;164858;1.0;;;ecartee;23;59;92;;0;aucun;
97423000AH1684;Les Trois-Bassins;;;;178;a_creuser;166326;1.0;;;ecartee;9;63;92;;0;aucun;
97423000AK0259;Les Trois-Bassins;49 Chemin Hibon;97426;Les Trois-Bassins;2106;a_creuser;168041;1.0;;;ecartee;2;60;92;;0;aucun;
97423000AK0983;Les Trois-Bassins;53 Chemin Hibon;97426;Les Trois-Bassins;1029;a_creuser;168205;1.0;;;ecartee;25;59;92;;0;aucun;
97423000AH1301;Les Trois-Bassins;35 a Rue du Touring Hôtel;97426;Les Trois-Bassins;438;a_creuser;168344;1.0;;;ecartee;24;63;92;;0;aucun;
97423000AD0105;Les Trois-Bassins;;;;180;a_creuser;169586;1.0;;;ecartee;10;61;92;;0;aucun;
97423000AB0146;Les Trois-Bassins;4 a Allée des Coraux;97426;Les Trois-Bassins;762;a_creuser;170319;1.0;;;ecartee;34;64;92;;0;aucun;
97423000AC0124;Les Trois-Bassins;;;;250;a_creuser;171657;1.0;;;ecartee;11;58;92;;0;aucun;
97423000AD0204;Les Trois-Bassins;;;;576;a_creuser;172171;1.0;;;ecartee;8;63;92;SUCCESSION PAYET ALBIN;0;aucun;
97423000AK1065;Les Trois-Bassins;8 Allée des Aubépines;97426;Les Trois-Bassins;1005;a_creuser;172276;1.0;;;ecartee;35;60;92;;0;aucun;
97423000AD0460;Les Trois-Bassins;;;;369;a_creuser;172576;1.0;;;ecartee;6;63;92;;0;aucun;
97423000AH0166;Les Trois-Bassins;69 Rue du Touring Hôtel;97426;Les Trois-Bassins;655;a_creuser;172756;1.0;;;ecartee;15;62;92;;0;aucun;
97423000AC0524;Les Trois-Bassins;39 Rue Victor Hugo;97426;Les Trois-Bassins;548;a_creuser;173607;1.0;;;ecartee;21;61;92;;0;aucun;
97423000AK1101;Les Trois-Bassins;;;;1717;a_creuser;174062;1.0;;;a_creuser;57;59;92;;0;aucun;
97423000AE0629;Les Trois-Bassins;7 Impasse des Lauriers;97426;Les Trois-Bassins;560;a_creuser;174253;1.0;;;ecartee;1;53;92;;0;aucun;
97423000AH0960;Les Trois-Bassins;8 Allée des Perdrix;97426;Les Trois-Bassins;2507;a_creuser;175166;0.9;;;a_creuser;54;61;92;;0;aucun;
97423000AK1684;Les Trois-Bassins;27 Allée de la Citerne;97426;Les Trois-Bassins;889;a_creuser;175906;0.9;;;ecartee;34;56;92;;0;aucun;
97423000AD0665;Les Trois-Bassins;;;;528;a_creuser;176154;0.9;;;ecartee;28;63;92;SOCIETE D'AMENAGEMENT FONCIER ET D'ETABLISSEMENT RURAL DE LA;12;faible;Détention longue (aucune mutation DVF 2021-2025) — combinée à d'autres signaux | Siège Réunion, autre commune que la parcelle
97423000AH0133;Les Trois-Bassins;13 Rue du Touring Hôtel;97426;Les Trois-Bassins;459;a_creuser;176813;0.9;;;ecartee;24;63;92;;0;aucun;
97423000AI0464;Les Trois-Bassins;9 Impasse des Conflores;97426;Les Trois-Bassins;401;a_creuser;177066;0.9;;;ecartee;21;61;92;;0;aucun;
97423000AH1189;Les Trois-Bassins;22 Allée des Ramiers;97426;Les Trois-Bassins;1077;a_creuser;178049;0.9;;;ecartee;36;61;92;;0;aucun;
97423000AK1705;Les Trois-Bassins;2 Rue Henri Auber;97426;Les Trois-Bassins;941;a_creuser;180958;0.9;;;ecartee;25;61;92;;0;aucun;
97423000AI0273;Les Trois-Bassins;;;;1206;a_creuser;181861;0.9;;;a_creuser;56;62;92;;25;present;Friche recensée (Cartofriches) | Détention longue (aucune mutation DVF 2021-2025) — combinée à d'autres signaux
97423000AH1254;Les Trois-Bassins;13 Allée des Perdrix;97426;Les Trois-Bassins;675;a_creuser;182963;0.9;;;ecartee;37;61;92;;0;aucun;
97423000AD0205;Les Trois-Bassins;;;;569;a_creuser;183792;0.9;;;ecartee;8;63;92;;0;aucun;
97423000AI0719;Les Trois-Bassins;4 Impasse de l'Alambic;97426;Les Trois-Bassins;723;a_creuser;184722;0.9;;;ecartee;37;61;92;;0;aucun;
97423000AH0589;Les Trois-Bassins;;;;1674;a_creuser;186661;0.9;;;ecartee;23;60;92;;0;aucun;
97423000AD0123;Les Trois-Bassins;19 Chemin Cap du Chat;97426;Les Trois-Bassins;576;a_creuser;186966;0.9;;;ecartee;26;64;92;;0;aucun;
97423000AB0145;Les Trois-Bassins;2 Allée des Coraux;97426;Les Trois-Bassins;3404;a_creuser;186987;0.9;;;a_surveiller;73;64;92;COGOHR  COMITE DES OEUVRES SOC  DES ETS D HOSPITALISATION;0;aucun;
97423000AD0785;Les Trois-Bassins;;;;443;a_creuser;187286;0.9;;;ecartee;16;60;92;;0;aucun;
97423000AH1365;Les Trois-Bassins;;;;1032;a_creuser;187514;0.9;;;a_creuser;52;60;92;;0;aucun;
97423000AK0416;Les Trois-Bassins;346 Route Hubert Delisle;97426;Les Trois-Bassins;1096;a_creuser;188214;0.9;;;a_creuser;52;58;92;;0;aucun;
97423000AH0574;Les Trois-Bassins;94 Rue du Stade;97426;Les Trois-Bassins;520;a_creuser;188292;0.9;;;ecartee;27;58;92;;0;aucun;
97423000AK0124;Les Trois-Bassins;16 a Chemin des Tamarins;97426;Les Trois-Bassins;1452;a_creuser;189711;0.9;;;ecartee;47;58;92;;0;aucun;
97423000AD0281;Les Trois-Bassins;29 Chemin Blanchard;97426;Les Trois-Bassins;502;a_creuser;189929;0.9;;;ecartee;20;63;92;;0;aucun;
97423000AD0288;Les Trois-Bassins;;;;225;a_creuser;190919;0.9;;;ecartee;19;63;92;;0;aucun;
97423000AH0544;Les Trois-Bassins;47 Rue du Général de Gaulle;97426;Les Trois-Bassins;673;a_creuser;191651;0.9;;;ecartee;30;63;92;;0;aucun;
97423000AE0523;Les Trois-Bassins;78 Chemin des Cactus;97426;Les Trois-Bassins;574;a_creuser;192328;0.9;;;ecartee;31;56;92;;0;aucun;
97423000AE0926;Les Trois-Bassins;3 Rue Cocâtre;97426;Les Trois-Bassins;457;a_creuser;193714;0.9;;;ecartee;21;69;92;SOCIETE INVESTISSEMENT DE L'OCEAN INDIEN;4;faible;Siège Réunion, autre commune que la parcelle
97423000AE0635;Les Trois-Bassins;6 Chemin des Orchidées;97426;Les Trois-Bassins;560;a_creuser;195088;0.9;;;ecartee;4;51;92;;0;aucun;
97423000AE0921;Les Trois-Bassins;11 Rue Cocâtre;97426;Les Trois-Bassins;619;a_creuser;195651;0.9;;;ecartee;8;61;92;;0;aucun;
97423000AH1824;Les Trois-Bassins;;;;627;a_creuser;195902;0.9;;;ecartee;34;59;92;;0;aucun;
97423000AD0700;Les Trois-Bassins;10 Allée des Papayes;97426;Les Trois-Bassins;494;a_creuser;196715;0.9;;;ecartee;30;64;92;;0;aucun;
97423000AH1847;Les Trois-Bassins;;;;439;a_creuser;197141;0.9;;;ecartee;24;60;92;;0;aucun;
97423000AE0625;Les Trois-Bassins;6 Impasse des Lauriers;97426;Les Trois-Bassins;609;a_creuser;198817;0.9;;;ecartee;4;53;92;;0;aucun;
97423000AH0793;Les Trois-Bassins;;;;1553;a_creuser;199833;0.9;;;a_creuser;56;63;92;;0;aucun;
97423000AH0128;Les Trois-Bassins;;;;591;a_creuser;202611;0.9;;;ecartee;35;63;92;SUCCESSION PAXO BEATRICE;25;present;Friche recensée (Cartofriches) | Détention longue (aucune mutation DVF 2021-2025) — combinée à d'autres signaux
97423000AH1280;Les Trois-Bassins;2 Chemin des Longanis;97426;Les Trois-Bassins;501;a_creuser;203301;0.9;;;ecartee;14;61;92;;0;aucun;
97423000AD0318;Les Trois-Bassins;;;;713;a_creuser;204415;0.9;;;ecartee;17;62;92;;0;aucun;
97423000AH1700;Les Trois-Bassins;45 Rue du Stade;97426;Les Trois-Bassins;528;a_creuser;204914;0.9;;;ecartee;3;60;92;;0;aucun;
97423000AH1686;Les Trois-Bassins;;;;124;a_creuser;206195;0.9;;;ecartee;1;63;92;;0;aucun;
97423000AD0656;Les Trois-Bassins;90 Chemin Desbassyns;97426;Les Trois-Bassins;393;a_creuser;206781;0.9;;;ecartee;20;65;92;SOCIETE ANONYME D'HABITATIONS A LOYER MODERE DE LA REUNION;;na;
97423000AB0201;Les Trois-Bassins;2 Allée des Filaos;97426;Les Trois-Bassins;642;a_creuser;206960;0.9;;;ecartee;41;66;92;;0;aucun;
97423000AH1252;Les Trois-Bassins;16 Allée des Perdrix;97426;Les Trois-Bassins;651;a_creuser;207856;0.9;;;ecartee;27;61;92;;0;aucun;
97423000AK0607;Les Trois-Bassins;;;;1110;a_creuser;209488;0.9;;;ecartee;24;67;92;SOCIETE D'AMENAGEMENT FONCIER ET D'ETABLISSEMENT RURAL DE LA;12;faible;Détention longue (aucune mutation DVF 2021-2025) — combinée à d'autres signaux | Siège Réunion, autre commune que la parcelle
97423000AE0460;Les Trois-Bassins;6 Allée des Bananiers;97426;Les Trois-Bassins;544;a_creuser;209751;0.9;;;ecartee;26;56;92;;0;aucun;
97423000AH0356;Les Trois-Bassins;82 Chemin des Barrières;97426;Les Trois-Bassins;973;a_creuser;209899;0.9;;;ecartee;35;74;92;ORANGE;18;faible;Cession de fonds de commerce < 12 mois | Détention longue (aucune mutation DVF 2021-2025) — combinée à d'autres signaux
97423000AH1833;Les Trois-Bassins;63 Rue du Stade;97426;Les Trois-Bassins;338;a_creuser;210480;0.9;;;ecartee;16;59;92;;0;aucun;
97423000AC0470;Les Trois-Bassins;51 Chemin de l'École du Bois de Nèfles;97426;Les Trois-Bassins;695;a_creuser;210762;0.9;;;ecartee;1;57;92;;0;aucun;
97423000AI0047;Les Trois-Bassins;81 Chemin Mnémonide;97426;Les Trois-Bassins;1491;a_creuser;211174;0.9;;;a_creuser;55;61;92;;0;aucun;
97423000AH1425;Les Trois-Bassins;52 Chemin des Longanis;97426;Les Trois-Bassins;958;a_creuser;212000;0.9;;;ecartee;18;65;92;;0;aucun;
97423000AE0436;Les Trois-Bassins;76 Chemin des Cactus;97426;Les Trois-Bassins;591;a_creuser;212836;0.9;;;ecartee;31;58;92;;0;aucun;
97423000AI0078;Les Trois-Bassins;16 Chemin de la Zone Artisanale;97426;Les Trois-Bassins;722;a_creuser;214709;0.9;;;ecartee;39;60;92;;0;aucun;
97423000AD0202;Les Trois-Bassins;59 a Rue Gabriel Mareuil;97426;Les Trois-Bassins;440;a_creuser;214918;0.9;;;ecartee;10;63;92;SUCCESSION BAVOL AUGUSTIN;0;aucun;
97423000AB0075;Les Trois-Bassins;4 Allée des Coraux;97426;Les Trois-Bassins;1211;a_creuser;215509;0.9;;;ecartee;43;64;92;;0;aucun;
97423000AI0115;Les Trois-Bassins;;;;2017;a_creuser;216269;0.9;;;a_creuser;51;61;92;;0;aucun;
97423000AH0070;Les Trois-Bassins;;;;541;a_creuser;216939;0.9;;;ecartee;34;59;92;;0;aucun;
97423000AB1287;Les Trois-Bassins;4 Chemin des Chocas;97426;Les Trois-Bassins;1659;a_creuser;217802;0.9;;;a_creuser;62;56;92;;0;aucun;
97423000AH0380;Les Trois-Bassins;60 Chemin des Barrières;97426;Les Trois-Bassins;837;a_creuser;217927;0.9;;;ecartee;17;62;92;;0;aucun;
97423000AH1787;Les Trois-Bassins;;;;889;a_creuser;218325;0.9;;;ecartee;35;59;92;;0;aucun;
97423000AE0384;Les Trois-Bassins;67 Chemin des Cactus;97426;Les Trois-Bassins;475;a_creuser;218436;0.9;;;ecartee;30;56;92;;0;aucun;
97423000AD0462;Les Trois-Bassins;;;;341;a_creuser;218846;0.9;;;ecartee;9;63;92;;0;aucun;
97423000AC0467;Les Trois-Bassins;;;;550;a_creuser;219722;0.9;;;ecartee;40;62;92;;0;aucun;
97423000AD0373;Les Trois-Bassins;;;;571;a_creuser;220205;0.9;;;ecartee;11;56;92;;0;aucun;
97423000AK0860;Les Trois-Bassins;6 Chemin des Tamarins;97426;Les Trois-Bassins;1299;a_creuser;220309;0.9;;;a_creuser;51;62;92;;0;aucun;
97423000AC0493;Les Trois-Bassins;;;;593;a_creuser;222145;0.9;;;ecartee;15;56;92;;0;aucun;
97423000AE0639;Les Trois-Bassins;5 Chemin des Orchidées;97426;Les Trois-Bassins;550;a_creuser;222681;0.9;;;ecartee;4;51;92;;0;aucun;
97423000AD0095;Les Trois-Bassins;;;;159;a_creuser;223629;0.9;;;ecartee;7;62;92;;0;aucun;
97423000AK0859;Les Trois-Bassins;8 Chemin des Tamarins;97426;Les Trois-Bassins;1502;a_creuser;223740;0.9;;;a_creuser;52;61;92;;0;aucun;
97423000AH0159;Les Trois-Bassins;50 Rue du Touring Hôtel;97426;Les Trois-Bassins;981;a_creuser;224719;0.9;;;ecartee;19;63;92;;0;aucun;
97423000AC0292;Les Trois-Bassins;5 Allée Maloya;97426;Les Trois-Bassins;258;a_creuser;225490;0.9;;;ecartee;11;56;92;;0;aucun;
97423000AD0293;Les Trois-Bassins;;;;355;a_creuser;225868;0.9;;;ecartee;10;62;92;;0;aucun;
97423000AE0649;Les Trois-Bassins;21 Chemin des Orchidées;97426;Les Trois-Bassins;726;a_creuser;226083;0.9;;;ecartee;22;51;92;;0;aucun;
97423000AI0333;Les Trois-Bassins;;;;248;a_creuser;227573;0.9;;;ecartee;8;62;92;;0;aucun;
97423000AD0464;Les Trois-Bassins;;;;210;a_creuser;228870;0.9;;;ecartee;1;62;92;;0;aucun;
97423000AI0111;Les Trois-Bassins;46 Rue Victor Hugo;97426;Les Trois-Bassins;732;a_creuser;229020;0.9;;;ecartee;29;63;92;;0;aucun;
97423000AH0676;Les Trois-Bassins;363 Route Hubert Delisle;97426;Les Trois-Bassins;2340;a_creuser;229032;0.9;;;a_surveiller;66;60;92;;0;aucun;
97423000AD0738;Les Trois-Bassins;28 Chemin des Jacques;97426;Les Trois-Bassins;444;a_creuser;230435;0.9;;;ecartee;1;57;92;;0;aucun;
97423000AH0901;Les Trois-Bassins;8 Allée des Ramiers;97426;Les Trois-Bassins;1873;reserve_fonciere;232675;0.9;;;ecartee;49;61;92;;0;aucun;
97423000AH1769;Les Trois-Bassins;;;;1328;reserve_fonciere;233844;0.8;;;a_creuser;57;62;92;;0;aucun;
97423000AH0748;Les Trois-Bassins;3 Rue Hervé Payet;97426;Les Trois-Bassins;829;a_creuser;234619;0.8;;;ecartee;35;63;92;;0;aucun;
97423000AD0238;Les Trois-Bassins;;;;494;a_creuser;236879;0.8;;;ecartee;22;62;92;;0;aucun;
97423000AH0842;Les Trois-Bassins;;;;397;a_creuser;237888;0.8;;;ecartee;8;59;92;;0;aucun;
97423000AD0409;Les Trois-Bassins;;;;347;a_creuser;238056;0.8;;;ecartee;27;61;92;;0;aucun;
97423000AC0503;Les Trois-Bassins;58 a Rue des Amaryllis;97426;Les Trois-Bassins;573;a_creuser;238067;0.8;;;ecartee;37;56;92;;0;aucun;
97423000AI0116;Les Trois-Bassins;;;;1657;reserve_fonciere;238936;0.8;;;ecartee;40;61;92;;0;aucun;
97423000AC0531;Les Trois-Bassins;;;;755;a_creuser;239265;0.8;;;ecartee;38;59;92;;0;aucun;
97423000AD0133;Les Trois-Bassins;;;;455;a_creuser;241580;0.8;;;ecartee;1;61;92;;0;aucun;
97423000AD0446;Les Trois-Bassins;14 Chemin des Jacques;97426;Les Trois-Bassins;318;a_creuser;242022;0.8;;;ecartee;1;58;92;;0;aucun;
97423000AH1463;Les Trois-Bassins;5 Allée des Perdrix;97426;Les Trois-Bassins;348;a_creuser;242867;0.8;;;ecartee;1;61;92;;0;aucun;
97423000AD0094;Les Trois-Bassins;29 Chemin Desbassyns;97426;Les Trois-Bassins;713;a_creuser;242920;0.8;;;ecartee;18;62;92;SUCCESSION JARD AUGUSTIN;0;aucun;
97423000AH1167;Les Trois-Bassins;27 a Rue François de Mahy;97426;Les Trois-Bassins;888;a_creuser;242967;0.8;;;ecartee;32;61;92;;0;aucun;
97423000AH1230;Les Trois-Bassins;65 a Rue du Général de Gaulle;97426;Les Trois-Bassins;439;a_creuser;244309;0.8;;;ecartee;23;62;92;;0;aucun;
97423000AH1418;Les Trois-Bassins;18 b Chemin des Barrières;97426;Les Trois-Bassins;761;a_creuser;246921;0.8;;;ecartee;42;62;92;;0;aucun;
97423000AH0627;Les Trois-Bassins;;;;1808;reserve_fonciere;251363;0.8;;;a_creuser;54;62;92;;0;aucun;
97423000AI0718;Les Trois-Bassins;64 Chemin des Limites;97426;Les Trois-Bassins;926;a_creuser;251672;0.8;;;ecartee;38;61;92;;0;aucun;
97423000AE0425;Les Trois-Bassins;72 Chemin des Cactus;97426;Les Trois-Bassins;465;a_creuser;253402;0.8;;;ecartee;33;58;92;;0;aucun;
97423000AI0406;Les Trois-Bassins;113 Chemin des Barrières;97426;Les Trois-Bassins;738;a_creuser;253752;0.8;;;ecartee;36;62;92;;0;aucun;
97423000AC0069;Les Trois-Bassins;;;;182;a_creuser;253964;0.8;;;ecartee;1;57;92;;0;aucun;
97423000AE0636;Les Trois-Bassins;8 Chemin des Orchidées;97426;Les Trois-Bassins;700;a_creuser;254675;0.8;;;ecartee;19;53;92;;0;aucun;
97423000AH0263;Les Trois-Bassins;9 Rue du Cimetière;97426;Les Trois-Bassins;894;a_creuser;255605;0.8;;;ecartee;1;62;92;;0;aucun;
97423000AH1166;Les Trois-Bassins;27 Rue François de Mahy;97426;Les Trois-Bassins;973;a_creuser;257738;0.8;;;ecartee;32;61;92;;0;aucun;
97423000AH1255;Les Trois-Bassins;15 Allée des Perdrix;97426;Les Trois-Bassins;665;a_creuser;258971;0.8;;;ecartee;27;61;92;;0;aucun;
97423000AH0900;Les Trois-Bassins;6 Allée des Ramiers;97426;Les Trois-Bassins;1804;reserve_fonciere;259393;0.8;;;ecartee;48;62;92;;0;aucun;
97423000AC0498;Les Trois-Bassins;64 Rue des Amaryllis;97426;Les Trois-Bassins;556;a_creuser;260556;0.8;;;ecartee;37;57;92;;0;aucun;
97423000AE0380;Les Trois-Bassins;9 Allée des Sapotis;97426;Les Trois-Bassins;448;a_creuser;260611;0.8;;;ecartee;33;56;92;;0;aucun;
97423000AI0227;Les Trois-Bassins;5 Impasse des Conflores;97426;Les Trois-Bassins;1025;a_creuser;260923;0.8;;;ecartee;38;61;92;;0;aucun;
97423000AH0387;Les Trois-Bassins;11 Rue des Francicéas;97426;Les Trois-Bassins;1480;a_creuser;261262;0.8;;;a_creuser;54;63;92;;0;aucun;
97423000AK1186;Les Trois-Bassins;5 Chemin Bras Calebasse;97426;Les Trois-Bassins;2341;reserve_fonciere;261783;0.8;;;a_creuser;54;60;92;;0;aucun;
97423000AH0049;Les Trois-Bassins;;;;2011;reserve_fonciere;263888;0.8;;;ecartee;37;64;92;;0;aucun;
97423000AD0303;Les Trois-Bassins;;;;316;a_creuser;264426;0.8;;;ecartee;1;60;92;;0;aucun;
97423000AC0282;Les Trois-Bassins;1 Chemin des Géraniums;97426;Les Trois-Bassins;565;a_creuser;265318;0.8;;;ecartee;27;56;92;;0;aucun;
97423000AH0383;Les Trois-Bassins;;;;1171;a_creuser;267340;0.8;;;a_creuser;51;62;92;;0;aucun;
97423000AH1807;Les Trois-Bassins;42 b Rue du Général de Gaulle;97426;Les Trois-Bassins;505;a_creuser;272736;0.8;;;ecartee;1;63;92;;0;aucun;
97423000AH1191;Les Trois-Bassins;16 Allée des Ramiers;97426;Les Trois-Bassins;1086;a_creuser;275752;0.8;;;ecartee;36;61;92;;0;aucun;
97423000AD0203;Les Trois-Bassins;;;;578;a_creuser;278353;0.8;;;ecartee;26;60;92;SUCCESSION JARD AUGUSTIN;0;aucun;
97423000AD0362;Les Trois-Bassins;;;;570;a_creuser;278474;0.8;;;ecartee;21;60;92;;0;aucun;
97423000AD0786;Les Trois-Bassins;10 Chemin Desbassyns;97426;Les Trois-Bassins;441;a_creuser;279346;0.8;;;ecartee;16;61;92;;0;aucun;
97423000AC0016;Les Trois-Bassins;;;;1532;reserve_fonciere;280091;0.8;;;a_creuser;61;59;92;;0;aucun;
97423000AC0060;Les Trois-Bassins;55 bis Chemin de l'École du Bois de Nèfles;97426;Les Trois-Bassins;633;a_creuser;280351;0.8;;;ecartee;16;56;92;;0;aucun;
97423000AH1364;Les Trois-Bassins;363 Route Hubert Delisle;97426;Les Trois-Bassins;1196;a_creuser;281257;0.8;;;a_creuser;51;60;92;;0;aucun;
97423000AD0068;Les Trois-Bassins;;;;794;a_creuser;282199;0.8;;;ecartee;23;60;92;SUCCESSION JARD AUGUSTIN;0;aucun;
97423000AI0264;Les Trois-Bassins;12 Impasse des Avocatiers;97426;Les Trois-Bassins;1469;a_creuser;285342;0.8;;;a_creuser;55;60;92;;0;aucun;
97423000AD0064;Les Trois-Bassins;;;;686;a_creuser;287789;0.8;;;ecartee;15;60;92;;0;aucun;
97423000AH1499;Les Trois-Bassins;19 Rue Victor Hugo;97426;Les Trois-Bassins;2571;reserve_fonciere;288219;0.8;;;a_creuser;58;63;92;;0;aucun;
97423000AH0510;Les Trois-Bassins;;;;858;a_creuser;289786;0.8;;;ecartee;44;62;92;;0;aucun;
97423000AH1353;Les Trois-Bassins;18 Allée des Perdrix;97426;Les Trois-Bassins;1279;a_creuser;292330;0.8;;;ecartee;26;61;92;;0;aucun;
97423000AH1050;Les Trois-Bassins;24 a Rue Jérôme Jarry;97426;Les Trois-Bassins;492;a_creuser;292741;0.8;;;ecartee;27;62;92;;0;aucun;
97423000AH1477;Les Trois-Bassins;;;;137;a_creuser;292906;0.8;;;ecartee;9;63;92;;0;aucun;
97423000AC0012;Les Trois-Bassins;57 Rue Victor Hugo;97426;Les Trois-Bassins;1208;a_creuser;293863;0.8;;;ecartee;42;58;92;;0;aucun;
97423000AH0404;Les Trois-Bassins;16 Chemin des Barrières;97426;Les Trois-Bassins;698;a_creuser;295678;0.8;;;ecartee;32;61;92;;0;aucun;
97423000AE0406;Les Trois-Bassins;70 Chemin des Cactus;97426;Les Trois-Bassins;462;a_creuser;296553;0.8;;;ecartee;30;56;92;;0;aucun;
97423000AD0102;Les Trois-Bassins;25 Chemin Desbassyns;97426;Les Trois-Bassins;1501;a_creuser;297086;0.8;;;a_creuser;51;62;92;;0;aucun;
97423000AH1830;Les Trois-Bassins;26 Rue du Cimetière;97426;Les Trois-Bassins;406;a_creuser;297240;0.8;;;ecartee;17;63;92;;0;aucun;
97423000AE0754;Les Trois-Bassins;;;;133;a_creuser;299994;0.8;;;ecartee;40;59;92;;0;aucun;
97423000AH0250;Les Trois-Bassins;;;;1355;reserve_fonciere;304024;0.8;;;a_creuser;54;63;92;;0;aucun;
97423000AD0208;Les Trois-Bassins;;;;526;a_creuser;304158;0.8;;;ecartee;7;64;92;;0;aucun;
97423000AD0694;Les Trois-Bassins;;;;437;a_creuser;305161;0.8;;;ecartee;5;58;92;;0;aucun;
97423000AH0034;Les Trois-Bassins;2 Chemin des Allamandas;97426;Les Trois-Bassins;981;a_creuser;306393;0.8;;;ecartee;28;63;92;;0;aucun;
97423000AH1024;Les Trois-Bassins;20 Allée Lombard;97426;Les Trois-Bassins;1545;reserve_fonciere;306692;0.7;;;a_creuser;54;63;92;;0;aucun;
97423000AE0407;Les Trois-Bassins;72 Chemin des Cactus;97426;Les Trois-Bassins;151;a_creuser;306787;0.7;;;ecartee;40;56;92;;0;aucun;
97423000AI0203;Les Trois-Bassins;3 Chemin Mnémonide;97426;Les Trois-Bassins;1550;reserve_fonciere;307830;0.7;;;a_creuser;54;62;92;;0;aucun;
97423000AE0526;Les Trois-Bassins;;;;3865;a_creuser;310159;0.7;;;ecartee;12;61;92;;0;aucun;
97423000AC0500;Les Trois-Bassins;;;;499;a_creuser;310395;0.7;;;ecartee;33;56;92;;0;aucun;
97423000AC0029;Les Trois-Bassins;;;;734;a_creuser;310673;0.7;;;ecartee;40;60;92;;25;present;Friche recensée (Cartofriches) | Détention longue (aucune mutation DVF 2021-2025) — combinée à d'autres signaux
97423000AI0207;Les Trois-Bassins;8 Chemin des Bougainvilliers;97426;Les Trois-Bassins;1338;reserve_fonciere;311116;0.7;;;ecartee;49;62;92;;0;aucun;
97423000AH0524;Les Trois-Bassins;93 Rue du Touring Hôtel;97426;Les Trois-Bassins;1013;a_creuser;312437;0.7;;;ecartee;28;66;92;SCI LOHOCA;12;faible;Détention longue (aucune mutation DVF 2021-2025) — combinée à d'autres signaux | Siège Réunion, autre commune que la parcelle
97423000AC0302;Les Trois-Bassins;55 Rue Victor Hugo;97426;Les Trois-Bassins;992;a_creuser;313294;0.7;;;ecartee;39;60;92;;0;aucun;
97423000AC0319;Les Trois-Bassins;467 Chemin Armanet;97426;Les Trois-Bassins;1005;a_creuser;313403;0.7;;;ecartee;39;53;92;;0;aucun;
97423000AD0501;Les Trois-Bassins;;;;713;a_creuser;313697;0.7;;;ecartee;25;56;92;;0;aucun;
97423000AE0398;Les Trois-Bassins;;;;420;a_creuser;315216;0.7;;;ecartee;30;59;92;;0;aucun;
97423000AE0739;Les Trois-Bassins;48 Chemin Bénard;97426;Les Trois-Bassins;4698;a_creuser;316242;0.7;;;ecartee;8;61;92;;0;aucun;
97423000AH1514;Les Trois-Bassins;50 Rue du Général de Gaulle;97426;Les Trois-Bassins;1872;a_creuser;317082;0.7;;;ecartee;47;62;92;;0;aucun;
97423000AD0134;Les Trois-Bassins;;;;3434;a_creuser;319773;0.7;;;ecartee;28;63;92;;0;aucun;
97423000AD0262;Les Trois-Bassins;;;;712;a_creuser;321595;0.7;;;ecartee;39;56;92;;0;aucun;
97423000AD0148;Les Trois-Bassins;59 Chemin Cap du Chat;97426;Les Trois-Bassins;1036;a_creuser;321812;0.7;;;ecartee;29;58;92;;0;aucun;
97423000AC0295;Les Trois-Bassins;;;;859;a_creuser;323757;0.7;;;ecartee;1;61;92;;0;aucun;
97423000AC0118;Les Trois-Bassins;46 Rue des Amaryllis;97426;Les Trois-Bassins;1509;a_creuser;323786;0.7;;;ecartee;12;56;92;;0;aucun;
97423000AC0062;Les Trois-Bassins;55 Chemin de l'École du Bois de Nèfles;97426;Les Trois-Bassins;2036;reserve_fonciere;324858;0.7;;;a_creuser;51;56;92;;0;aucun;
97423000AD0282;Les Trois-Bassins;35 Chemin Blanchard;97426;Les Trois-Bassins;1638;a_creuser;331764;0.7;;;ecartee;43;63;92;;0;aucun;
97423000AC0495;Les Trois-Bassins;;;;1882;reserve_fonciere;334480;0.7;;;ecartee;40;56;92;;0;aucun;
97423000AC0066;Les Trois-Bassins;57 Chemin de l'École du Bois de Nèfles;97426;Les Trois-Bassins;1497;reserve_fonciere;334779;0.7;;;a_creuser;52;56;92;;0;aucun;
97423000AH1768;Les Trois-Bassins;10 Chemin du Pont Neuf;97426;Les Trois-Bassins;608;a_creuser;335042;0.7;;;ecartee;25;61;92;SCI 2R;15;faible;Siège hors Réunion (métropole/étranger)
97423000AE0514;Les Trois-Bassins;66 Chemin des Cactus;97426;Les Trois-Bassins;696;a_creuser;338727;0.7;;;ecartee;46;57;92;;0;aucun;
97423000AC0096;Les Trois-Bassins;55 Rue Victor Hugo;97426;Les Trois-Bassins;938;a_creuser;340217;0.7;;;ecartee;36;60;92;;0;aucun;
97423000AC0474;Les Trois-Bassins;;;;1375;reserve_fonciere;341530;0.7;;;ecartee;37;57;92;;0;aucun;
97423000AD0547;Les Trois-Bassins;;;;1925;a_creuser;348976;0.5;;;ecartee;9;63;92;;0;aucun;
97423000AD0433;Les Trois-Bassins;13 Chemin Desbassyns;97426;Les Trois-Bassins;912;a_creuser;350308;0.5;;;ecartee;28;60;92;;0;aucun;
97423000AD0721;Les Trois-Bassins;;;;650;a_creuser;352339;0.5;;;ecartee;10;58;92;;0;aucun;
97423000AD0327;Les Trois-Bassins;;;;1252;a_creuser;352832;0.5;;;ecartee;30;57;92;;0;aucun;
